data_num,class_label,class_num,x1,y1,x2,y2
0,bottle,4,92.61578369140625,3.6602859497070312,131.63742065429688,203.36093139648438
1,chair,8,122.47893524169922,84.82828521728516,158.61021423339844,148.80093383789062
1,chair,8,182.2921905517578,97.79423522949219,222.5658416748047,199.08853149414062
1,tvmonitor,19,95.02247619628906,86.01923370361328,136.44947814941406,149.01907348632812
2,cat,7,11.822166442871094,24.971832275390625,203.2752685546875,179.971435546875
3,train,18,16.395774841308594,39.99018859863281,188.470703125,222.8480987548828
4,car,6,99.97406768798828,91.61056518554688,192.190673828125,143.05555725097656
4,car,6,195.04270935058594,90.80905151367188,212.1456298828125,121.21389770507812
6,horse,12,4.317176818847656,9.780220031738281,206.97705078125,216.77072143554688
7,bird,2,61.84952926635742,94.83657836914062,89.97673034667969,136.43267822265625
8,motorbike,13,56.989227294921875,-2.1431808471679688,210.38717651367188,209.4771728515625
9,aeroplane,0,11.580642700195312,43.08839797973633,201.76918029785156,155.80218505859375
10,tvmonitor,19,143.30238342285156,8.590629577636719,210.22317504882812,83.75212097167969
10,tvmonitor,19,11.074935913085938,17.07917022705078,75.10892486572266,95.37450408935547
11,diningtable,10,12.524238586425781,82.59294128417969,223.39532470703125,220.4930877685547
11,person,14,11.662506103515625,22.61949920654297,88.76078796386719,119.96344757080078
11,bottle,4,35.24945831298828,26.989181518554688,122.4430923461914,114.44645690917969
12,tvmonitor,19,30.351268768310547,19.289268493652344,88.39047241210938,92.73082733154297
12,person,14,117.82691955566406,62.239173889160156,164.32839965820312,160.6871337890625
13,dog,11,50.602699279785156,21.248489379882812,195.370361328125,209.98345947265625
14,horse,12,18.230377197265625,5.342010498046875,199.90357971191406,203.08132934570312
15,cat,7,5.0763397216796875,16.679458618164062,223.8395233154297,223.0247344970703
16,sofa,17,23.808029174804688,60.13930130004883,199.974365234375,159.58261108398438
16,dog,11,85.72799682617188,79.7449951171875,193.58193969726562,142.3151092529297
16,dog,11,128.891845703125,67.21023559570312,218.47467041015625,155.34341430664062
17,bus,5,41.87025451660156,91.22087097167969,198.92567443847656,158.316162109375
18,tvmonitor,19,76.91490936279297,12.35323715209961,137.86158752441406,84.13377380371094
19,cat,7,2.89813232421875,0.1808319091796875,224.0755615234375,220.0425567626953
20,dog,11,64.63633728027344,4.7670440673828125,181.80870056152344,197.5699462890625
21,dog,11,96.6098861694336,102.00430297851562,121.6483154296875,136.84576416015625
22,car,6,23.369873046875,58.10985565185547,205.07427978515625,208.2752685546875
23,horse,12,30.011581420898438,56.730255126953125,202.410888671875,212.18539428710938
23,person,14,53.44955825805664,24.491893768310547,121.729736328125,151.40530395507812
23,person,14,73.84598541259766,39.383941650390625,131.02865600585938,128.40333557128906
24,diningtable,10,53.99669647216797,86.1759033203125,223.85604858398438,219.50698852539062
25,pottedplant,15,42.52079772949219,30.147567749023438,185.2412872314453,194.1215057373047
26,bird,2,15.943336486816406,10.618873596191406,180.8843994140625,170.29568481445312
27,person,14,3.9341201782226562,9.688713073730469,223.62872314453125,227.69204711914062
28,car,6,14.416770935058594,68.05279541015625,216.69265747070312,202.96200561523438
29,diningtable,10,8.428352355957031,5.319114685058594,224.60708618164062,215.70166015625
30,person,14,5.311714172363281,4.720481872558594,218.36264038085938,223.15328979492188
31,cat,7,3.7368011474609375,4.763343811035156,185.09278869628906,223.37631225585938
32,aeroplane,0,52.978492736816406,67.73461151123047,174.64239501953125,150.4144287109375
33,chair,8,5.162109375,19.231948852539062,217.42608642578125,226.96461486816406
34,train,18,9.02703857421875,73.28145599365234,204.71649169921875,168.59942626953125
35,cat,7,1.2351531982421875,7.976295471191406,159.08641052246094,153.57467651367188
36,cat,7,1.7570877075195312,98.4643783569336,164.12643432617188,228.14077758789062
36,chair,8,14.157478332519531,10.347900390625,211.67514038085938,206.1187744140625
37,aeroplane,0,5.2710723876953125,91.08368682861328,206.17343139648438,199.01040649414062
38,bird,2,92.97975158691406,82.07485961914062,143.7628173828125,131.74024963378906
39,motorbike,13,36.192298889160156,20.89299774169922,193.05718994140625,189.72674560546875
39,car,6,136.19932556152344,0.38716888427734375,236.16322326660156,105.62385559082031
40,aeroplane,0,33.73796844482422,74.04374694824219,186.6800537109375,147.63827514648438
41,cat,7,6.567192077636719,84.1592788696289,171.95635986328125,220.14990234375
41,chair,8,3.1207809448242188,8.334648132324219,219.78475952148438,221.42486572265625
42,sheep,16,1.6964187622070312,104.90776062011719,87.43010711669922,189.61668395996094
42,sheep,16,24.676000595092773,119.69357299804688,70.8719482421875,176.49398803710938
43,chair,8,111.63442993164062,54.64862823486328,162.9593505859375,164.69512939453125
43,tvmonitor,19,163.07046508789062,7.350669860839844,213.5926513671875,97.39744567871094
44,sheep,16,65.68684387207031,64.39773559570312,157.0599365234375,180.38497924804688
45,person,14,38.03017044067383,69.11475372314453,133.6544189453125,225.7509765625
46,cow,9,88.44416809082031,70.82071685791016,157.55624389648438,151.63922119140625
47,person,14,135.83001708984375,119.22543334960938,152.1197509765625,149.1087646484375
47,person,14,77.89519500732422,123.28545379638672,91.9670181274414,170.89096069335938
48,person,14,80.06243896484375,9.680267333984375,213.6802978515625,218.21090698242188
49,dog,11,31.614883422851562,11.917648315429688,203.04124450683594,225.07887268066406
50,person,14,0.18943405151367188,75.37000274658203,120.64509582519531,196.12493896484375
50,person,14,134.86338806152344,45.91902160644531,211.43206787109375,182.17831420898438
50,person,14,103.40201568603516,83.59271240234375,188.66983032226562,207.57489013671875
51,cat,7,4.684112548828125,5.837837219238281,225.9007568359375,222.38827514648438
52,dog,11,1.6433258056640625,28.894241333007812,165.92652893066406,183.10858154296875
53,bird,2,37.284183502197266,66.41458129882812,133.03932189941406,195.96304321289062
54,aeroplane,0,2.6688613891601562,74.37428283691406,220.34771728515625,220.8829803466797
55,cow,9,23.203886032104492,34.70319747924805,70.82415771484375,105.82762145996094
56,cat,7,49.35332489013672,35.485374450683594,162.03201293945312,201.62228393554688
57,car,6,11.206306457519531,56.592529296875,215.4569091796875,206.5577392578125
58,tvmonitor,19,31.94345474243164,95.46340942382812,149.90765380859375,215.20562744140625
59,dog,11,87.23384857177734,0.2331085205078125,216.68820190429688,207.7559814453125
61,cat,7,102.46845245361328,102.15916442871094,140.42086791992188,167.86460876464844
61,cat,7,82.66390991210938,81.7001724243164,151.79791259765625,189.17446899414062
62,person,14,39.72102355957031,50.50688171386719,140.7078094482422,220.5985565185547
62,person,14,102.03565979003906,35.99876403808594,198.20358276367188,199.91749572753906
62,person,14,140.3472900390625,134.80276489257812,213.0444793701172,203.9400634765625
62,person,14,127.62925720214844,89.56898498535156,220.22698974609375,206.8384246826172
62,person,14,3.1433944702148438,88.78515625,48.01057434082031,188.59408569335938
62,person,14,17.50579071044922,81.21029663085938,64.73262786865234,193.55569458007812
63,person,14,17.037010192871094,21.376914978027344,220.097412109375,212.44271850585938
63,car,6,123.39742279052734,37.487701416015625,224.93670654296875,136.36978149414062
64,train,18,83.37267303466797,54.42698669433594,214.04852294921875,222.05287170410156
64,person,14,11.77400016784668,138.15162658691406,61.94255065917969,225.11447143554688
64,person,14,32.453819274902344,28.844406127929688,183.36605834960938,201.18321228027344
65,sheep,16,101.19068908691406,124.60365295410156,121.70928955078125,158.926513671875
66,horse,12,130.27130126953125,110.4985580444336,181.47576904296875,172.3555450439453
67,train,18,30.604293823242188,103.40192413330078,141.2238006591797,161.78170776367188
68,person,14,119.68528747558594,6.897972106933594,219.02658081054688,219.47091674804688
68,cat,7,52.48212432861328,109.21205139160156,124.6406478881836,229.35638427734375
69,person,14,58.048316955566406,8.527633666992188,233.17446899414062,223.25558471679688
70,bird,2,52.54710388183594,16.20996856689453,217.46034240722656,130.55221557617188
71,car,6,45.74889373779297,170.89260864257812,132.52099609375,206.17874145507812
73,bird,2,23.688026428222656,26.400070190429688,188.6656494140625,196.05380249023438
74,person,14,8.254928588867188,2.828216552734375,216.20816040039062,214.11830139160156
75,dog,11,19.041343688964844,47.474266052246094,225.51101684570312,221.50390625
76,dog,11,27.353912353515625,16.185462951660156,218.30084228515625,230.45095825195312
77,person,14,9.626522064208984,33.338409423828125,76.01460266113281,187.53317260742188
78,cat,7,15.581306457519531,12.22515869140625,214.60202026367188,189.22544860839844
79,tvmonitor,19,18.788841247558594,34.173545837402344,185.9844970703125,199.14239501953125
80,dog,11,13.068191528320312,5.0715484619140625,221.41749572753906,217.5685272216797
80,dog,11,70.59342956542969,71.48827362060547,206.6358184814453,208.76800537109375
81,person,14,16.12091827392578,38.953948974609375,219.76397705078125,227.25982666015625
81,person,14,-2.1510238647460938,12.6917724609375,115.63543701171875,225.58123779296875
82,chair,8,-0.6106033325195312,57.50739669799805,46.080101013183594,171.6566925048828
82,chair,8,107.39341735839844,72.11839294433594,173.7857666015625,143.46554565429688
83,pottedplant,15,58.606842041015625,29.578781127929688,159.14129638671875,185.94349670410156
83,pottedplant,15,81.10281372070312,49.5035400390625,138.22293090820312,169.28564453125
84,sheep,16,4.307273864746094,32.52210235595703,140.18359375,195.69256591796875
86,motorbike,13,3.5192108154296875,-4.355010986328125,217.28610229492188,216.46795654296875
87,dog,11,39.503944396972656,11.176483154296875,183.83908081054688,197.68569946289062
88,horse,12,43.79021453857422,18.95024871826172,179.89630126953125,222.69021606445312
89,bottle,4,58.558876037597656,4.4486083984375,152.53729248046875,219.9886474609375
90,bird,2,88.47868347167969,34.669090270996094,186.76148986816406,212.764892578125
91,person,14,1.4869384765625,52.36231231689453,113.27862548828125,215.43890380859375
92,bottle,4,42.51893997192383,21.713600158691406,120.32179260253906,158.83001708984375
92,bottle,4,40.79296112060547,40.920005798339844,183.11355590820312,175.0
93,car,6,45.04193878173828,48.79503631591797,157.94308471679688,96.48668670654297
94,train,18,122.02130126953125,65.15475463867188,222.6973876953125,141.91485595703125
95,bicycle,1,14.42791748046875,53.448463439941406,220.92764282226562,209.59024047851562
96,cat,7,44.820274353027344,61.243804931640625,180.01205444335938,173.0201873779297
96,cat,7,67.44972229003906,87.21540069580078,154.95980834960938,148.81289672851562
97,person,14,2.6924476623535156,22.706954956054688,103.58683776855469,224.89268493652344
97,horse,12,81.17488098144531,24.547958374023438,207.24072265625,212.7040557861328
99,cat,7,133.93653869628906,81.36317443847656,195.79039001464844,162.81967163085938
100,aeroplane,0,5.716926574707031,7.971946716308594,221.59359741210938,214.32583618164062
101,dog,11,9.348075866699219,23.842849731445312,154.90243530273438,180.728515625
102,bottle,4,60.619728088378906,18.5552978515625,158.34698486328125,222.1736297607422
103,cat,7,18.114654541015625,3.04132080078125,225.03518676757812,222.84982299804688
104,bus,5,44.32146453857422,22.54741668701172,181.34881591796875,193.83804321289062
105,bird,2,154.87203979492188,57.16721725463867,215.0076141357422,170.33206176757812
106,aeroplane,0,96.91819763183594,57.499725341796875,196.15634155273438,100.01553344726562
107,bus,5,90.48469543457031,97.72614288330078,186.90643310546875,142.71182250976562
108,bird,2,14.961418151855469,10.161750793457031,226.16683959960938,204.85443115234375
109,sheep,16,28.847793579101562,32.97465515136719,203.83798217773438,192.52383422851562
110,boat,3,-3.5704727172851562,-10.904289245605469,148.7010498046875,192.97824096679688
111,person,14,56.46440505981445,118.76206970214844,83.84379577636719,149.2036895751953
112,car,6,6.713615417480469,6.084388732910156,221.89443969726562,222.72720336914062
113,bird,2,79.27340698242188,80.52137756347656,121.18663787841797,135.04766845703125
114,cat,7,17.377410888671875,51.006492614746094,157.5518798828125,186.27386474609375
115,cat,7,67.36308288574219,37.09236526489258,200.2000274658203,141.6045684814453
116,boat,3,7.801422119140625,3.9736480712890625,152.488037109375,164.5615997314453
117,car,6,20.046524047851562,16.070518493652344,212.31243896484375,221.1197509765625
118,car,6,32.408233642578125,31.101207733154297,171.7271270751953,149.4970245361328
118,person,14,184.45957946777344,13.405548095703125,212.41015625,136.01739501953125
118,person,14,167.3766326904297,35.9890251159668,200.107666015625,120.5557861328125
119,cat,7,144.31201171875,32.988792419433594,224.44546508789062,192.29653930664062
119,cat,7,39.36176681518555,46.15056228637695,166.7965087890625,157.4734649658203
120,cat,7,51.66670608520508,25.406509399414062,150.53211975097656,222.02735900878906
121,tvmonitor,19,147.55433654785156,33.055999755859375,211.86656188964844,105.15097045898438
122,bus,5,2.805187225341797,23.118270874023438,50.53203201293945,194.33175659179688
122,bus,5,66.95254516601562,9.963157653808594,173.80892944335938,192.64361572265625
122,bus,5,184.0885467529297,28.882965087890625,221.49575805664062,200.63937377929688
122,bus,5,153.5854949951172,32.70159912109375,216.2853546142578,190.55296325683594
123,tvmonitor,19,71.96940612792969,42.24998474121094,153.3043975830078,141.8009796142578
124,chair,8,149.7024688720703,144.69985961914062,193.0321044921875,209.1512908935547
124,chair,8,56.2398796081543,130.54476928710938,125.86436462402344,203.35128784179688
125,person,14,65.92355346679688,119.86824035644531,157.849853515625,221.228271484375
125,person,14,140.4434051513672,97.44366455078125,194.88522338867188,199.35321044921875
125,person,14,22.242496490478516,109.32244873046875,81.34963989257812,189.97467041015625
126,person,14,32.26398849487305,45.00403594970703,112.18260192871094,221.19815063476562
126,person,14,101.05722045898438,67.70024871826172,173.1912841796875,220.74749755859375
126,person,14,150.73199462890625,56.188568115234375,214.2630615234375,222.67254638671875
126,person,14,114.55992889404297,43.57423400878906,165.71461486816406,185.70675659179688
126,person,14,52.777000427246094,55.557884216308594,94.53897857666016,210.2032470703125
126,person,14,5.837602615356445,71.48137664794922,43.51416015625,144.08297729492188
127,person,14,32.35620880126953,60.21331024169922,131.51025390625,229.85150146484375
127,person,14,124.04240417480469,39.19832992553711,168.11285400390625,106.47384643554688
127,person,14,128.28627014160156,57.4439697265625,227.87039184570312,220.91696166992188
127,person,14,8.379047393798828,42.129554748535156,77.66102600097656,170.76260375976562
127,chair,8,135.09353637695312,130.74066162109375,223.02626037597656,225.5367431640625
127,person,14,174.997314453125,63.656768798828125,228.7786102294922,206.97811889648438
127,person,14,28.983482360839844,39.37886428833008,68.24748992919922,133.24826049804688
127,person,14,132.0386962890625,51.63794708251953,154.76666259765625,99.00090789794922
127,person,14,109.22543334960938,76.89492797851562,185.356689453125,203.86074829101562
128,cow,9,93.24403381347656,86.2469711303711,134.14637756347656,140.10025024414062
129,chair,8,120.25131225585938,133.34007263183594,161.24493408203125,219.674560546875
129,diningtable,10,31.777942657470703,142.03176879882812,120.99925231933594,216.7139129638672
129,chair,8,127.77815246582031,149.8487091064453,154.38905334472656,204.94110107421875
129,tvmonitor,19,62.39732360839844,113.57963562011719,108.257568359375,163.0830535888672
129,chair,8,29.701820373535156,146.44435119628906,80.89470672607422,205.99464416503906
130,aeroplane,0,38.98484420776367,58.881568908691406,163.9062042236328,143.72775268554688
131,train,18,13.628959655761719,80.24021911621094,215.99368286132812,192.63555908203125
132,aeroplane,0,93.83990478515625,93.10401153564453,108.10424041748047,108.86046600341797
133,bicycle,1,8.019813537597656,10.433616638183594,222.03933715820312,204.32342529296875
134,bus,5,11.229682922363281,63.807037353515625,206.16159057617188,214.41415405273438
135,person,14,4.077145099639893,45.00093078613281,17.636703491210938,109.90374755859375
136,dog,11,17.936199188232422,101.66524505615234,100.66108703613281,200.8153076171875
137,cat,7,11.002708435058594,58.173805236816406,205.60073852539062,217.14492797851562
138,motorbike,13,65.94734191894531,32.76182556152344,162.3397216796875,193.5113067626953
138,person,14,-1.2772693634033203,43.48411178588867,30.874666213989258,122.05450439453125
139,bus,5,17.741012573242188,14.445449829101562,199.22903442382812,201.69778442382812
139,car,6,4.326077461242676,88.75181579589844,21.64690399169922,121.40972137451172
140,bus,5,65.25772094726562,46.42827606201172,142.92742919921875,161.8763427734375
141,cow,9,89.60111999511719,130.70184326171875,129.84442138671875,163.6962890625
142,dog,11,26.456188201904297,95.26656341552734,117.6414794921875,193.1990966796875
143,dog,11,65.05178833007812,15.380714416503906,152.45150756835938,222.29263305664062
144,cat,7,6.558448791503906,3.72601318359375,226.437255859375,225.16648864746094
145,cow,9,67.98579406738281,83.45592498779297,162.47979736328125,183.02542114257812
146,bus,5,42.192726135253906,33.95624542236328,204.97805786132812,194.61651611328125
146,bus,5,79.06239318847656,57.99034118652344,183.51364135742188,171.14794921875
147,cat,7,47.620445251464844,8.027572631835938,226.76889038085938,224.14012145996094
148,cat,7,67.10926818847656,14.544013977050781,179.8958740234375,210.48727416992188
149,car,6,69.28662109375,113.68087768554688,207.59725952148438,216.8046875
150,car,6,16.237396240234375,73.365478515625,200.8214874267578,186.50958251953125
151,cow,9,157.7753448486328,152.91732788085938,193.4742431640625,180.5613250732422
152,dog,11,5.074180603027344,-2.4947662353515625,225.3729248046875,219.94244384765625
154,sheep,16,111.30181884765625,104.84947204589844,122.1744613647461,120.21541595458984
154,sheep,16,68.1863784790039,101.805419921875,74.79228210449219,110.3704605102539
156,car,6,12.914566040039062,59.871543884277344,222.809326171875,221.652099609375
157,pottedplant,15,134.92892456054688,145.2032012939453,196.6201171875,214.6597137451172
157,person,14,0.6447582244873047,95.38784790039062,38.24957275390625,187.141357421875
158,person,14,118.51416015625,31.139320373535156,192.24575805664062,190.677734375
158,sofa,17,7.641620635986328,117.54568481445312,135.13478088378906,220.48171997070312
159,person,14,1.9609222412109375,18.541061401367188,155.21202087402344,221.88720703125
160,sofa,17,14.891448974609375,15.800361633300781,214.4270477294922,205.96453857421875
161,train,18,7.151222229003906,11.221588134765625,196.70037841796875,196.81790161132812
162,pottedplant,15,4.788658142089844,8.130699157714844,214.38943481445312,220.5555419921875
162,pottedplant,15,124.04454040527344,13.563667297363281,222.10462951660156,209.04638671875
163,dog,11,109.18321990966797,98.73533630371094,162.68881225585938,183.86366271972656
163,person,14,25.727352142333984,29.371963500976562,122.10255432128906,189.43914794921875
163,dog,11,93.23385620117188,60.029762268066406,175.73651123046875,179.36898803710938
164,cat,7,8.039909362792969,73.32514190673828,207.55001831054688,223.43011474609375
165,train,18,4.471672058105469,80.82908630371094,98.82733917236328,153.86050415039062
166,dog,11,8.638572692871094,18.18115997314453,202.5792236328125,194.33346557617188
167,bottle,4,71.17952728271484,6.315650939941406,151.2420654296875,222.87493896484375
168,cat,7,8.381393432617188,60.97914123535156,141.3707733154297,211.5381317138672
168,cat,7,100.9725112915039,89.44226837158203,201.68609619140625,201.4312744140625
168,cat,7,69.60958099365234,8.835159301757812,200.52847290039062,129.16807556152344
169,dog,11,101.7238998413086,47.98356628417969,170.0966796875,158.0830535888672
169,pottedplant,15,13.618621826171875,106.11448669433594,88.86982727050781,181.5213623046875
170,person,14,129.44717407226562,135.41213989257812,155.4803924560547,200.60296630859375
171,motorbike,13,7.174400329589844,1.8282089233398438,213.58273315429688,218.4742431640625
172,cat,7,5.99322509765625,4.985260009765625,223.34722900390625,221.18508911132812
173,car,6,18.92841339111328,57.760894775390625,193.96099853515625,213.23248291015625
173,person,14,49.367366790771484,60.165897369384766,167.73529052734375,173.6016082763672
174,cat,7,1.2613449096679688,53.51226806640625,180.98654174804688,224.01556396484375
175,train,18,49.93231964111328,116.58248901367188,112.62224578857422,150.19277954101562
176,motorbike,13,93.51538848876953,121.7311782836914,217.09512329101562,226.81735229492188
177,sofa,17,10.202033996582031,9.965065002441406,212.24783325195312,214.11785888671875
177,person,14,19.276580810546875,65.39710998535156,141.18081665039062,215.49705505371094
177,person,14,123.38666534423828,65.090576171875,227.50778198242188,224.5169677734375
177,person,14,70.80209350585938,15.410064697265625,208.00552368164062,136.43338012695312
177,person,14,51.47361755371094,2.375812530517578,179.89439392089844,106.79866027832031
177,person,14,71.37342834472656,88.88671875,146.26806640625,204.42660522460938
178,person,14,97.84835052490234,97.45848083496094,120.41402435302734,177.62318420410156
178,person,14,72.54949951171875,98.38316345214844,108.04335021972656,190.30706787109375
178,pottedplant,15,150.78231811523438,118.89241027832031,191.96200561523438,180.83108520507812
179,sheep,16,14.488889694213867,105.58499145507812,66.83895874023438,168.5628662109375
179,sheep,16,84.53872680664062,85.917236328125,131.91351318359375,155.33547973632812
180,person,14,17.249839782714844,18.549758911132812,96.29047393798828,209.17486572265625
180,person,14,128.78707885742188,58.98303985595703,201.6814422607422,215.4713134765625
181,person,14,0.04872894287109375,7.9762420654296875,115.76618194580078,222.2644805908203
181,dog,11,131.734619140625,114.45091247558594,229.41722106933594,225.85513305664062
181,dog,11,151.09764099121094,127.41650390625,206.2764129638672,209.96456909179688
182,cat,7,72.38467407226562,49.29756546020508,170.49700927734375,117.35127258300781
184,cat,7,24.994670867919922,41.80137634277344,121.32496643066406,217.87684631347656
185,aeroplane,0,7.538566589355469,48.45606994628906,212.9306640625,217.84950256347656
186,dog,11,82.21805572509766,56.72852325439453,212.57400512695312,223.13278198242188
186,person,14,5.331886291503906,9.745292663574219,149.4195556640625,219.60400390625
188,person,14,48.396728515625,54.706298828125,103.21035766601562,215.80624389648438
188,person,14,76.34097290039062,54.462303161621094,161.5859375,215.2408447265625
189,aeroplane,0,4.377540588378906,73.17878723144531,220.459228515625,149.21307373046875
190,dog,11,16.84947967529297,16.945205688476562,215.47125244140625,215.8140411376953
191,dog,11,95.59954833984375,18.554168701171875,218.04998779296875,181.38026428222656
192,bus,5,6.9225006103515625,2.7767715454101562,214.94215393066406,211.09539794921875
193,dog,11,15.002189636230469,36.07416534423828,157.21484375,187.85916137695312
193,chair,8,134.41256713867188,10.888267517089844,222.70057678222656,210.36489868164062
194,person,14,139.27685546875,77.25227355957031,191.3049774169922,212.4746856689453
194,diningtable,10,41.12129592895508,132.52615356445312,167.507568359375,220.53164672851562
194,person,14,30.632034301757812,87.22549438476562,89.91445922851562,180.96609497070312
194,person,14,52.03330993652344,72.10069274902344,103.90780639648438,162.31752014160156
194,person,14,87.78977966308594,64.1010971069336,121.11248016357422,141.73989868164062
194,person,14,135.58583068847656,74.98507690429688,162.8440704345703,139.8680419921875
195,person,14,9.559188842773438,10.697921752929688,193.99159240722656,220.49610900878906
196,car,6,7.550559997558594,60.78997039794922,219.01901245117188,185.18780517578125
197,aeroplane,0,72.3836441040039,54.041358947753906,143.095947265625,144.6502685546875
198,dog,11,2.3770294189453125,-0.0131072998046875,225.26251220703125,223.16453552246094
199,cat,7,50.570369720458984,95.00054931640625,174.37759399414062,210.29574584960938
199,sofa,17,13.26904296875,10.003807067871094,207.2125244140625,213.82461547851562
200,diningtable,10,-3.1816787719726562,104.14958953857422,171.53912353515625,227.43838500976562
200,chair,8,5.371612548828125,133.48953247070312,94.56307983398438,210.43492126464844
201,cat,7,28.97234344482422,63.62005615234375,196.35992431640625,204.02407836914062
202,dog,11,35.960693359375,6.2885589599609375,166.37078857421875,212.48692321777344
203,pottedplant,15,43.451751708984375,15.736045837402344,177.55206298828125,205.57708740234375
204,cat,7,58.12299346923828,14.306358337402344,214.60546875,198.78433227539062
204,cat,7,36.909263610839844,91.80653381347656,138.1885986328125,191.36874389648438
204,person,14,150.1917724609375,5.790260314941406,225.7876434326172,98.0553970336914
205,chair,8,6.512626647949219,1.4606704711914062,210.61447143554688,217.63211059570312
205,chair,8,146.44985961914062,7.790252685546875,214.0460662841797,207.76846313476562
206,chair,8,132.4418487548828,80.33709716796875,227.57693481445312,216.9114990234375
206,chair,8,74.67713928222656,81.6378173828125,209.8425750732422,208.88754272460938
207,motorbike,13,5.239006042480469,14.177864074707031,212.60247802734375,199.994384765625
208,cat,7,73.5987548828125,58.241294860839844,147.29559326171875,185.18722534179688
209,dog,11,41.06083679199219,13.368003845214844,226.9105987548828,217.11013793945312
210,boat,3,8.791961669921875,6.1132049560546875,218.36734008789062,205.43023681640625
211,boat,3,13.472999572753906,-4.110069274902344,167.92263793945312,190.17657470703125
211,person,14,144.63954162597656,133.44277954101562,151.90423583984375,158.09605407714844
212,person,14,-0.8510704040527344,75.20085906982422,84.52885437011719,228.91778564453125
212,person,14,131.18270874023438,71.64911651611328,222.15333557128906,219.87994384765625
212,diningtable,10,74.5124740600586,137.26040649414062,143.43829345703125,221.88661193847656
213,bird,2,89.63795471191406,79.0760269165039,137.44094848632812,133.41941833496094
214,person,14,121.8084945678711,49.55242919921875,162.0069122314453,120.93194580078125
214,person,14,5.702648162841797,57.60924530029297,88.13388061523438,224.55917358398438
214,person,14,134.37176513671875,56.662147521972656,215.04632568359375,222.64712524414062
214,diningtable,10,47.20433044433594,102.89088439941406,179.18177795410156,222.19593811035156
214,person,14,137.32369995117188,56.056880950927734,167.34011840820312,150.1918182373047
214,diningtable,10,32.82782745361328,76.14803314208984,125.80159759521484,220.69036865234375
214,person,14,110.52647399902344,80.11865234375,180.61239624023438,213.46575927734375
214,person,14,58.02531814575195,66.36245727539062,86.65573120117188,116.36688995361328
214,person,14,33.54385757446289,76.04798126220703,67.4388427734375,194.6744384765625
214,person,14,106.42149353027344,54.029396057128906,131.56434631347656,116.5487060546875
215,train,18,2.643280029296875,68.64401245117188,183.59112548828125,195.93753051757812
216,person,14,85.28945922851562,16.089614868164062,210.53860473632812,222.65142822265625
216,person,14,12.921638488769531,86.12372589111328,140.99917602539062,224.26260375976562
217,chair,8,69.33197021484375,61.86124038696289,144.23553466796875,174.7967529296875
218,car,6,41.09418487548828,55.4266357421875,195.04788208007812,187.08575439453125
219,person,14,92.4580078125,30.374961853027344,197.823486328125,210.38735961914062
219,bottle,4,46.10369873046875,47.84175109863281,175.74256896972656,215.05140686035156
220,horse,12,45.97528076171875,45.07054901123047,165.82510375976562,181.85458374023438
221,aeroplane,0,64.21904754638672,66.49024200439453,200.68682861328125,152.17599487304688
222,dog,11,0.0768280029296875,-0.9493865966796875,222.0462188720703,222.0598602294922
224,dog,11,78.21646118164062,76.69856262207031,144.67605590820312,150.78924560546875
225,cat,7,101.67486572265625,124.47863006591797,165.56875610351562,185.20950317382812
226,cat,7,64.7666244506836,26.44256591796875,221.13717651367188,214.3175811767578
227,sofa,17,0.65869140625,110.1336669921875,87.87261962890625,196.3548583984375
227,sofa,17,24.043100357055664,121.01872253417969,63.398414611816406,170.19183349609375
227,tvmonitor,19,94.83914184570312,62.90337371826172,116.8722152709961,110.48921203613281
227,chair,8,133.13711547851562,113.92080688476562,164.644287109375,167.56759643554688
228,bus,5,2.2639007568359375,38.65453338623047,209.34884643554688,186.33401489257812
229,dog,11,23.681297302246094,72.13036346435547,199.76913452148438,202.02374267578125
229,dog,11,88.21951293945312,20.48938751220703,227.73065185546875,115.12798309326172
230,cat,7,24.756187438964844,28.15454864501953,203.2869873046875,177.2576904296875
231,bicycle,1,104.23321533203125,147.2473907470703,144.56674194335938,210.81472778320312
231,bicycle,1,82.7862548828125,137.9378204345703,162.49038696289062,215.60621643066406
231,person,14,102.82295227050781,103.32710266113281,144.7841796875,195.44581604003906
232,sheep,16,111.84222412109375,90.60193634033203,187.241943359375,198.27264404296875
233,chair,8,9.168830871582031,4.0006866455078125,206.13461303710938,220.47779846191406
234,cat,7,31.915298461914062,88.36307525634766,127.09194946289062,224.37200927734375
234,person,14,148.88650512695312,6.042060852050781,213.1516571044922,216.31552124023438
235,cat,7,86.47382354736328,81.2055892944336,186.14813232421875,190.77447509765625
235,tvmonitor,19,5.521934509277344,4.271919250488281,71.74681091308594,89.66738891601562
235,cat,7,94.28187561035156,87.97295379638672,145.791015625,181.72689819335938
236,aeroplane,0,31.380046844482422,99.90821838378906,145.33644104003906,135.07296752929688
237,bird,2,141.57081604003906,18.77295684814453,218.04058837890625,202.33981323242188
237,bird,2,40.31211853027344,38.171287536621094,102.58877563476562,177.58340454101562
238,cat,7,10.513961791992188,-0.42928314208984375,225.95306396484375,220.78561401367188
239,car,6,91.9541244506836,130.07261657714844,199.36129760742188,167.20477294921875
240,diningtable,10,66.60743713378906,124.13941955566406,171.64505004882812,211.75814819335938
240,chair,8,26.017536163330078,101.028564453125,82.10264587402344,193.15716552734375
241,train,18,-8.372215270996094,70.90986633300781,140.43124389648438,144.00128173828125
242,bottle,4,45.27888870239258,-6.478240966796875,123.93685913085938,117.61795043945312
242,bottle,4,137.15133666992188,11.290946960449219,204.214111328125,124.87696075439453
243,cat,7,43.277976989746094,0.6186065673828125,199.4669189453125,219.33103942871094
244,dog,11,95.26380920410156,43.00206756591797,183.3420867919922,119.75568389892578
244,dog,11,16.37195587158203,46.78460693359375,98.70198822021484,130.24620056152344
245,bicycle,1,20.463455200195312,8.500297546386719,216.48068237304688,205.419677734375
246,dog,11,16.287315368652344,41.18254089355469,152.74600219726562,222.47743225097656
246,chair,8,138.36489868164062,19.875152587890625,221.9317169189453,215.17434692382812
247,tvmonitor,19,32.33415222167969,17.344406127929688,172.2520751953125,195.85179138183594
248,bottle,4,8.04461669921875,3.4747467041015625,146.07691955566406,209.0684356689453
249,cat,7,45.27174377441406,8.724151611328125,220.4685516357422,153.48788452148438
250,car,6,145.379638671875,151.16912841796875,205.17230224609375,200.52215576171875
251,cat,7,23.220760345458984,8.524986267089844,142.98973083496094,212.6103515625
251,pottedplant,15,61.51304626464844,10.748451232910156,212.78941345214844,210.6123046875
252,motorbike,13,45.65910339355469,41.84111022949219,179.05821228027344,197.36964416503906
253,dog,11,96.6196517944336,71.76335144042969,209.66326904296875,207.59349060058594
255,person,14,61.647178649902344,11.177600860595703,103.14286041259766,98.38365173339844
255,person,14,73.70260620117188,11.637027740478516,142.010986328125,90.36570739746094
257,horse,12,10.642906188964844,18.889366149902344,221.46792602539062,225.0460205078125
258,tvmonitor,19,55.87327194213867,29.412696838378906,115.59944152832031,105.83983612060547
259,cat,7,39.74980926513672,4.6219635009765625,202.61715698242188,216.25778198242188
260,car,6,29.57733154296875,61.78831481933594,183.71661376953125,200.7134552001953
261,person,14,94.25729370117188,97.84495544433594,129.47572326660156,188.12002563476562
262,sheep,16,43.58190155029297,68.49160766601562,137.71945190429688,204.05166625976562
262,sheep,16,126.43367767333984,100.63471984863281,216.24508666992188,210.77395629882812
264,cat,7,21.521026611328125,5.181465148925781,161.5813751220703,218.48397827148438
265,car,6,51.662723541259766,71.7003173828125,168.8300018310547,194.06015014648438
265,person,14,20.273284912109375,57.593597412109375,96.04182434082031,214.60916137695312
266,bicycle,1,30.735702514648438,32.56755065917969,198.89315795898438,187.10072326660156
266,person,14,58.57246398925781,12.500755310058594,164.1791229248047,164.38070678710938
266,bicycle,1,34.95698928833008,54.72992706298828,133.78334045410156,169.74786376953125
266,person,14,96.48397827148438,17.869186401367188,182.78036499023438,154.4149932861328
267,train,18,18.71875762939453,25.958419799804688,88.40300750732422,129.9960479736328
268,aeroplane,0,34.443763732910156,9.814361572265625,182.42181396484375,209.11221313476562
269,sofa,17,14.063652038574219,55.14704895019531,206.53878784179688,220.62156677246094
269,person,14,-1.1849632263183594,23.13678741455078,106.17852783203125,196.05368041992188
269,person,14,85.58748626708984,26.601303100585938,202.12014770507812,204.9289093017578
269,person,14,88.43644714355469,15.714599609375,133.96017456054688,93.86485290527344
270,car,6,8.672157287597656,10.298599243164062,221.84835815429688,223.95555114746094
271,cat,7,57.665008544921875,73.81663513183594,156.23834228515625,151.4425048828125
272,bicycle,1,41.1416015625,22.098526000976562,191.61056518554688,209.5987091064453
273,dog,11,13.457244873046875,11.157638549804688,213.8966827392578,210.88511657714844
274,dog,11,8.603729248046875,52.50476837158203,165.1075439453125,224.49380493164062
274,person,14,112.3044662475586,55.30455780029297,229.443359375,232.21185302734375
275,dog,11,140.483642578125,126.10967254638672,163.59109497070312,153.1068572998047
276,bus,5,-1.6177139282226562,7.4665985107421875,216.64208984375,214.52822875976562
277,bird,2,24.21792221069336,63.42767333984375,130.42820739746094,182.73336791992188
278,cat,7,69.83830261230469,79.11689758300781,140.69964599609375,157.45578002929688
279,sofa,17,5.526073455810547,61.12360763549805,98.25164794921875,147.46092224121094
279,chair,8,119.46681213378906,84.18153381347656,218.2913818359375,209.6609344482422
279,chair,8,39.041500091552734,74.16618347167969,109.07359313964844,135.7680206298828
279,chair,8,131.77337646484375,65.61198425292969,175.61328125,107.88307189941406
279,diningtable,10,39.74345397949219,93.6005859375,187.51913452148438,202.0234375
280,person,14,50.303871154785156,42.22605895996094,190.67575073242188,192.85284423828125
280,diningtable,10,21.80237579345703,182.23886108398438,209.939697265625,220.15512084960938
282,dog,11,27.945960998535156,11.593505859375,189.67868041992188,203.27548217773438
283,aeroplane,0,138.6499786376953,134.7834014892578,165.8198699951172,163.53482055664062
284,cat,7,13.730751037597656,5.458259582519531,225.07400512695312,222.39471435546875
285,dog,11,59.502288818359375,17.842987060546875,166.305908203125,195.44619750976562
286,person,14,71.2282943725586,124.84261322021484,86.43275451660156,173.47946166992188
286,bicycle,1,62.28236389160156,132.5437774658203,113.98851013183594,200.65777587890625
286,bicycle,1,87.947998046875,141.95924377441406,117.16027069091797,194.9024200439453
286,person,14,46.6141471862793,119.53258514404297,67.96919250488281,174.11846923828125
286,person,14,134.76174926757812,124.26554870605469,158.64584350585938,168.20220947265625
287,person,14,105.54815673828125,144.39212036132812,125.82582092285156,210.4735565185547
287,person,14,76.509033203125,149.0045928955078,95.34660339355469,210.55551147460938
288,dog,11,50.03374481201172,22.819969177246094,225.27206420898438,227.32861328125
289,car,6,63.743038177490234,85.90313720703125,141.4339141845703,175.987060546875
290,cat,7,5.387931823730469,18.962669372558594,227.18991088867188,217.52792358398438
291,cat,7,26.437744140625,22.673370361328125,207.27151489257812,212.83920288085938
293,aeroplane,0,6.989997863769531,95.33739471435547,218.55892944335938,140.21832275390625
294,motorbike,13,26.467239379882812,59.12884521484375,208.2538299560547,203.88735961914062
295,person,14,78.79649353027344,16.92536163330078,163.86203002929688,143.099853515625
295,person,14,11.166242599487305,134.1444549560547,69.83832550048828,226.64340209960938
295,person,14,169.923095703125,40.84709930419922,230.95968627929688,133.90798950195312
295,diningtable,10,78.57301330566406,124.18406677246094,211.13926696777344,226.47174072265625
297,tvmonitor,19,1.7729301452636719,60.9801139831543,56.81496810913086,158.58502197265625
298,dog,11,69.8005142211914,6.686546325683594,172.85537719726562,209.12149047851562
299,car,6,17.866233825683594,50.71270751953125,196.00851440429688,185.37904357910156
300,bird,2,87.502197265625,72.99488067626953,134.08465576171875,150.9149169921875
301,person,14,136.0341033935547,105.91451263427734,148.18487548828125,120.34232330322266
302,train,18,15.163642883300781,12.282974243164062,210.54946899414062,203.0150146484375
303,person,14,115.02991485595703,14.264633178710938,215.28802490234375,223.0475616455078
303,person,14,-2.1812286376953125,43.760108947753906,89.83441162109375,227.59860229492188
304,bird,2,61.246620178222656,18.038185119628906,153.15106201171875,222.00741577148438
305,cat,7,38.45765686035156,24.899642944335938,171.11915588378906,203.24732971191406
306,dog,11,13.826988220214844,19.040420532226562,218.46014404296875,227.37115478515625
307,dog,11,13.655540466308594,-1.4140548706054688,221.65997314453125,220.86959838867188
308,bird,2,110.54781341552734,93.15068054199219,129.81201171875,132.61135864257812
309,chair,8,102.6268310546875,64.06800842285156,184.88796997070312,205.0465545654297
310,cat,7,18.4990234375,50.4598388671875,219.11312866210938,222.74700927734375
312,dog,11,58.02211380004883,2.3141708374023438,185.01113891601562,145.80743408203125
313,bird,2,57.25987243652344,132.0535888671875,226.5508575439453,217.5316162109375
314,dog,11,71.93769836425781,67.00575256347656,156.43386840820312,176.17800903320312
315,bus,5,17.427581787109375,24.125244140625,206.77285766601562,191.459228515625
315,bus,5,6.321680068969727,84.13246154785156,40.11729431152344,160.3131866455078
315,bus,5,0.1686248779296875,72.37335968017578,72.58759307861328,167.9302978515625
316,cat,7,-0.8580398559570312,56.0484619140625,214.07327270507812,228.39703369140625
317,pottedplant,15,13.55999755859375,1.0053787231445312,201.505859375,216.756591796875
318,train,18,105.8934326171875,80.28543853759766,175.55999755859375,161.50790405273438
319,cat,7,44.240760803222656,19.88854217529297,191.65530395507812,212.640625
320,person,14,133.1920623779297,64.5177001953125,212.3607635498047,223.28848266601562
320,diningtable,10,14.344741821289062,124.74237060546875,166.82225036621094,229.54833984375
320,person,14,0.30570030212402344,71.73161315917969,50.38530731201172,202.00770568847656
320,person,14,13.273576736450195,81.06818389892578,75.5956802368164,187.95645141601562
320,person,14,126.99539184570312,84.53103637695312,170.01968383789062,198.63619995117188
320,person,14,126.39667510986328,90.39739227294922,155.8623046875,142.17770385742188
321,person,14,129.1800537109375,21.24541473388672,214.9871368408203,219.13339233398438
321,diningtable,10,15.462348937988281,89.94706726074219,166.73599243164062,215.7952117919922
321,person,14,22.331825256347656,23.81390380859375,77.89591217041016,126.61737060546875
321,person,14,55.14475631713867,35.29249572753906,103.69886779785156,112.30171203613281
322,cat,7,71.55996704101562,7.642158508300781,199.82647705078125,138.6171875
323,aeroplane,0,76.41139221191406,104.0284423828125,145.20468139648438,142.34918212890625
324,chair,8,34.427734375,21.98040771484375,200.5492706298828,200.63165283203125
324,chair,8,42.866859436035156,11.191844940185547,96.14327239990234,73.49714660644531
325,bird,2,12.861888885498047,55.785701751708984,82.08869934082031,182.2832794189453
325,bird,2,98.88313293457031,80.89530944824219,145.6804656982422,205.6397247314453
326,motorbike,13,19.268798828125,73.83724975585938,133.56248474121094,200.55337524414062
326,person,14,8.75265121459961,38.970314025878906,42.90522384643555,124.79045867919922
326,person,14,1.0003280639648438,37.566322326660156,51.072471618652344,178.81643676757812
326,person,14,101.90090942382812,55.73020553588867,186.00375366210938,117.93846130371094
326,person,14,150.24208068847656,58.250301361083984,202.8801727294922,149.93243408203125
326,person,14,17.84894561767578,47.46992874145508,55.61255645751953,116.33096313476562
327,bus,5,19.966796875,48.58174133300781,193.17918395996094,157.15391540527344
328,aeroplane,0,5.142219543457031,75.88729858398438,203.53384399414062,161.10491943359375
329,bicycle,1,-1.251495361328125,4.530029296875,212.607421875,220.9062042236328
330,sheep,16,122.10124969482422,117.38092803955078,174.5232391357422,180.3326416015625
330,sheep,16,5.630596160888672,97.67533111572266,54.142913818359375,146.12083435058594
331,person,14,90.32362365722656,16.240097045898438,235.09922790527344,233.0305938720703
331,person,14,0.9756622314453125,38.425384521484375,136.33456420898438,225.03799438476562
332,cat,7,5.86572265625,0.599090576171875,226.2543182373047,220.87986755371094
333,dog,11,97.21565246582031,34.580665588378906,189.71630859375,140.23910522460938
333,dog,11,112.02997589111328,48.98283386230469,169.818115234375,127.44984436035156
334,horse,12,16.9822998046875,108.77012634277344,221.50865173339844,223.7730255126953
335,person,14,8.969551086425781,41.910926818847656,133.36056518554688,173.16790771484375
335,car,6,160.30374145507812,8.156497955322266,212.41648864746094,65.52401733398438
336,chair,8,-0.7786331176757812,3.9006881713867188,220.04949951171875,221.772216796875
337,cat,7,3.2577362060546875,1.1812667846679688,225.86268615722656,223.54727172851562
338,person,14,81.79180145263672,0.9895095825195312,217.0704345703125,215.4169921875
338,dog,11,3.037799835205078,41.09602355957031,112.97029113769531,221.46678161621094
339,person,14,76.58900451660156,29.028244018554688,134.52688598632812,144.88037109375
339,horse,12,34.89349365234375,64.62703704833984,185.10650634765625,203.32876586914062
340,chair,8,4.887535095214844,8.755470275878906,225.78857421875,226.02505493164062
341,aeroplane,0,7.5988922119140625,45.75312042236328,217.70114135742188,153.9227294921875
342,bird,2,73.4667739868164,89.43643188476562,126.78133392333984,141.54420471191406
343,cat,7,7.792167663574219,47.54254150390625,218.881103515625,222.83786010742188
345,cow,9,128.74154663085938,96.82937622070312,211.51358032226562,200.94601440429688
345,cow,9,2.3456974029541016,64.20455169677734,45.1746826171875,165.96139526367188
346,dog,11,28.222766876220703,128.6954803466797,108.971923828125,218.76214599609375
346,dog,11,141.6204376220703,4.350791931152344,214.89456176757812,158.89419555664062
347,cat,7,13.891487121582031,11.015159606933594,214.72952270507812,221.2366943359375
347,cat,7,56.06146240234375,67.32579040527344,171.50091552734375,209.96531677246094
348,bus,5,68.5284652709961,60.796302795410156,145.5103759765625,137.153564453125
349,dog,11,-1.0861129760742188,0.9963836669921875,217.98971557617188,216.52963256835938
350,person,14,45.92364501953125,21.863258361816406,189.6894073486328,213.87371826171875
351,person,14,87.80758666992188,17.451568603515625,206.57830810546875,222.34666442871094
351,person,14,-1.0742568969726562,24.653236389160156,110.40239715576172,212.69805908203125
352,cat,7,75.18909454345703,129.02789306640625,159.4229736328125,217.83099365234375
352,cat,7,76.81690979003906,22.287769317626953,187.60418701171875,121.44979858398438
353,dog,11,108.51809692382812,59.96966552734375,174.57882690429688,219.71078491210938
353,person,14,8.873649597167969,17.167922973632812,149.39569091796875,216.8399658203125
354,chair,8,19.90599822998047,7.68267822265625,205.81759643554688,216.87559509277344
355,bird,2,45.10407257080078,73.87983703613281,110.7909927368164,144.90618896484375
355,bird,2,46.837791442871094,59.3481330871582,178.92691040039062,148.50927734375
356,tvmonitor,19,6.737892150878906,57.1368522644043,73.99283599853516,151.62351989746094
357,train,18,12.289421081542969,31.42596435546875,221.52328491210938,200.3419189453125
358,aeroplane,0,81.08570861816406,106.02854919433594,127.76200866699219,138.51612854003906
359,dog,11,3.6688156127929688,-2.0715255737304688,225.61788940429688,220.9886474609375
360,sheep,16,134.73297119140625,177.11422729492188,151.3379669189453,199.0729522705078
361,cow,9,9.241043090820312,72.1331558227539,137.8781280517578,207.71023559570312
362,bus,5,20.877212524414062,67.51072692871094,79.11273193359375,127.96180725097656
362,bus,5,167.88844299316406,84.62593078613281,206.59654235839844,118.29554748535156
362,bus,5,196.3259735107422,72.75567626953125,208.28988647460938,125.39103698730469
362,bus,5,14.737387657165527,76.21662902832031,28.605712890625,119.19865417480469
363,dog,11,11.108512878417969,62.57203674316406,134.85369873046875,223.38294982910156
363,dog,11,147.2449951171875,75.96160125732422,222.50624084472656,209.65008544921875
364,dog,11,87.07355499267578,53.99264144897461,136.2444305419922,159.8885498046875
365,bird,2,32.2220458984375,66.93824005126953,181.06614685058594,221.10479736328125
366,person,14,-3.8394851684570312,-3.3950653076171875,106.82772064208984,202.43984985351562
366,tvmonitor,19,113.57150268554688,-2.1691818237304688,195.02471923828125,73.35881805419922
367,person,14,152.9081268310547,78.53095245361328,237.21603393554688,209.41607666015625
367,cat,7,66.67927551269531,49.144737243652344,143.81991577148438,126.78461456298828
368,car,6,64.22982025146484,56.64853286743164,216.48370361328125,178.79132080078125
369,chair,8,-3.6027984619140625,4.6280364990234375,214.246337890625,223.2168426513672
370,bus,5,13.00454330444336,75.07296752929688,94.05171203613281,163.97702026367188
370,bus,5,117.7269515991211,89.6266860961914,157.32858276367188,148.89476013183594
370,bus,5,30.930856704711914,92.09675598144531,72.45368957519531,149.86013793945312
370,bus,5,193.65267944335938,98.49903106689453,210.78903198242188,143.0609130859375
371,cat,7,-3.0631256103515625,-7.0705718994140625,216.3528289794922,209.5084686279297
372,dog,11,4.091392517089844,5.661125183105469,217.3438720703125,220.63327026367188
373,car,6,10.692909240722656,-2.702362060546875,224.44473266601562,211.72154235839844
374,dog,11,46.897239685058594,5.0777740478515625,195.14376831054688,224.1155548095703
375,bicycle,1,19.394004821777344,4.036521911621094,216.27896118164062,209.05535888671875
376,chair,8,17.39209747314453,3.8675765991210938,203.83770751953125,219.07138061523438
377,bird,2,19.595455169677734,54.32273864746094,133.57269287109375,152.4562530517578
378,sheep,16,39.637779235839844,75.80288696289062,181.0303955078125,194.69287109375
378,sheep,16,75.56864929199219,19.715023040771484,204.55076599121094,129.91050720214844
378,sheep,16,60.9946174621582,93.67765045166016,153.93202209472656,177.78182983398438
379,cat,7,18.405136108398438,17.652389526367188,219.96937561035156,222.88778686523438
380,motorbike,13,8.683441162109375,10.272071838378906,210.2001953125,220.91329956054688
381,aeroplane,0,50.101715087890625,93.68330383300781,162.47779846191406,135.11668395996094
382,aeroplane,0,57.35434341430664,87.92527770996094,163.3419647216797,149.70166015625
383,horse,12,95.54507446289062,44.0797119140625,197.00570678710938,182.19561767578125
383,person,14,6.147455215454102,73.97561645507812,33.40398406982422,137.25570678710938
384,cat,7,76.01318359375,16.041061401367188,191.08181762695312,197.92481994628906
384,cat,7,0.26873779296875,47.37096405029297,157.0914764404297,227.84567260742188
385,cat,7,8.619644165039062,3.524658203125,216.48526000976562,218.3356475830078
386,person,14,12.813316345214844,19.349159240722656,212.06533813476562,212.56094360351562
386,person,14,144.74497985839844,13.108448028564453,207.86520385742188,94.98881530761719
386,person,14,83.10997009277344,16.9698486328125,131.80703735351562,73.66279602050781
386,person,14,77.4158935546875,75.69259643554688,210.39212036132812,214.07821655273438
387,bicycle,1,55.00025177001953,92.10699462890625,150.671875,192.09799194335938
387,person,14,113.28530883789062,37.43611526489258,171.94659423828125,147.93228149414062
388,cat,7,28.18193817138672,52.124568939208984,212.21392822265625,175.11380004882812
389,bicycle,1,10.591262817382812,12.686019897460938,224.56288146972656,229.5612030029297
390,bus,5,34.069671630859375,42.229820251464844,180.9908447265625,186.13092041015625
390,person,14,68.21434783935547,106.43517303466797,95.1492919921875,188.654052734375
391,car,6,27.555824279785156,38.458404541015625,213.26730346679688,168.309326171875
392,sheep,16,9.053581237792969,96.93182373046875,81.41735076904297,180.94253540039062
392,sheep,16,121.34170532226562,82.51649475097656,172.70687866210938,160.15310668945312
392,sheep,16,90.40959930419922,98.5203628540039,143.56622314453125,171.156982421875
394,person,14,60.38923645019531,20.91889190673828,174.82969665527344,220.6680908203125
395,cat,7,40.22397232055664,69.9324951171875,166.59146118164062,156.42971801757812
396,bird,2,94.57640075683594,75.68231964111328,135.89944458007812,131.962890625
397,train,18,14.814002990722656,72.01171875,167.51461791992188,151.49624633789062
398,tvmonitor,19,45.73168182373047,18.737815856933594,175.64508056640625,204.85723876953125
399,dog,11,11.178482055664062,20.52984619140625,213.7097930908203,204.40744018554688
400,motorbike,13,8.674545288085938,7.0890350341796875,224.1976318359375,226.6846160888672
401,dog,11,139.11810302734375,108.77716827392578,186.8545379638672,179.2344970703125
402,person,14,125.08586120605469,67.19577026367188,217.17657470703125,224.21365356445312
402,person,14,93.16664123535156,76.41563415527344,151.29550170898438,226.50767517089844
402,person,14,7.9128875732421875,82.79694366455078,108.98040771484375,223.5079345703125
404,car,6,13.125770568847656,70.07835388183594,217.213623046875,207.3799285888672
405,person,14,49.718292236328125,25.209716796875,179.28671264648438,205.92652893066406
405,person,14,78.58604431152344,42.769981384277344,150.79005432128906,190.72036743164062
406,dog,11,17.830284118652344,19.465126037597656,206.03433227539062,201.60342407226562
407,dog,11,1.3905715942382812,-1.01922607421875,223.72567749023438,221.95994567871094
408,bottle,4,15.202178955078125,8.080680847167969,148.42398071289062,210.06838989257812
408,bottle,4,-1.4687385559082031,88.10379028320312,45.40864944458008,216.54437255859375
408,bottle,4,145.57235717773438,27.156585693359375,212.20755004882812,195.7115478515625
409,tvmonitor,19,29.107574462890625,59.290557861328125,187.05422973632812,211.43490600585938
409,tvmonitor,19,62.03434371948242,86.8243179321289,164.63255310058594,189.903564453125
410,dog,11,10.262321472167969,8.64306640625,223.82080078125,210.56385803222656
411,motorbike,13,142.9517822265625,96.3155746459961,212.62887573242188,199.89596557617188
411,person,14,147.3544921875,70.20508575439453,201.33847045898438,162.8455810546875
411,motorbike,13,34.795345306396484,45.44181823730469,131.6308135986328,190.2064971923828
412,bird,2,83.26749420166016,10.789093017578125,209.15982055664062,211.708984375
412,bird,2,18.089496612548828,16.814048767089844,143.2505645751953,210.718017578125
414,person,14,40.707916259765625,16.926536560058594,114.94253540039062,148.36358642578125
414,dog,11,38.249874114990234,88.87355041503906,118.43145751953125,193.10687255859375
414,dog,11,68.92123413085938,102.07040405273438,147.93894958496094,197.42477416992188
414,person,14,109.9917984008789,33.68016815185547,172.00247192382812,180.4381103515625
414,person,14,86.39421081542969,25.37946319580078,136.63914489746094,137.66305541992188
414,dog,11,20.19573974609375,94.8388671875,85.65553283691406,189.75372314453125
415,train,18,30.18358612060547,87.76161193847656,203.87103271484375,182.51194763183594
416,dog,11,76.53618621826172,67.071044921875,135.0675506591797,218.15200805664062
417,diningtable,10,43.26960754394531,176.61651611328125,176.12490844726562,228.50079345703125
417,chair,8,32.786964416503906,116.26770782470703,84.59959411621094,187.203857421875
417,chair,8,30.810302734375,140.81106567382812,76.113037109375,199.422119140625
417,chair,8,41.47491455078125,124.2267837524414,69.89952087402344,167.02503967285156
417,chair,8,144.03555297851562,144.93804931640625,192.90133666992188,208.96307373046875
417,chair,8,66.16826629638672,151.94070434570312,154.50650024414062,213.04258728027344
418,horse,12,-0.9163360595703125,17.91228485107422,197.5877227783203,219.72030639648438
419,tvmonitor,19,65.20207977294922,83.14922332763672,110.76631164550781,138.0801544189453
419,sofa,17,135.45001220703125,130.08465576171875,221.67919921875,217.21420288085938
420,motorbike,13,9.353866577148438,4.3767547607421875,222.67063903808594,223.05226135253906
421,sheep,16,85.39080047607422,107.63660430908203,116.134521484375,140.3013916015625
422,aeroplane,0,50.0438232421875,84.48936462402344,151.21751403808594,138.49755859375
423,cat,7,9.428329467773438,13.293037414550781,205.2163543701172,219.38800048828125
424,diningtable,10,17.967491149902344,92.7487564086914,214.40066528320312,216.45736694335938
425,person,14,67.970703125,41.28007507324219,163.04100036621094,197.1683807373047
425,chair,8,65.7935791015625,118.12382507324219,143.9595184326172,216.4307861328125
426,tvmonitor,19,21.603389739990234,71.41693878173828,88.20057678222656,154.38302612304688
427,boat,3,8.905998229980469,44.745391845703125,227.188232421875,197.31405639648438
428,cat,7,25.140419006347656,14.606353759765625,208.62936401367188,141.10780334472656
429,boat,3,59.458465576171875,69.47328186035156,166.75318908691406,157.78564453125
430,motorbike,13,92.14115905761719,89.26898193359375,207.6622314453125,199.4228515625
430,person,14,109.20323181152344,43.01721954345703,193.50762939453125,185.55136108398438
431,cat,7,2.2027435302734375,14.850456237792969,216.28599548339844,226.55844116210938
432,cat,7,66.7412109375,83.56266784667969,221.53799438476562,218.7726287841797
432,person,14,11.083511352539062,11.976272583007812,220.0568389892578,219.0605010986328
433,dog,11,12.180343627929688,56.55897521972656,157.25628662109375,227.23313903808594
434,cat,7,9.954238891601562,63.23576354980469,216.54991149902344,228.0687713623047
434,cat,7,11.110069274902344,18.918975830078125,152.99789428710938,136.74273681640625
435,bicycle,1,13.675834655761719,18.650772094726562,218.64840698242188,203.392822265625
436,aeroplane,0,30.206756591796875,86.03144073486328,174.44154357910156,139.37063598632812
437,dog,11,10.379058837890625,1.1142654418945312,207.9373016357422,222.68487548828125
438,cat,7,55.485321044921875,22.04053497314453,219.11038208007812,216.81875610351562
439,cat,7,11.562141418457031,58.948402404785156,202.84463500976562,179.8046875
440,person,14,36.3212890625,16.128753662109375,127.85943603515625,194.70472717285156
440,chair,8,140.76429748535156,82.86190795898438,206.8092041015625,216.54425048828125
441,cow,9,121.12310028076172,95.85286712646484,184.82138061523438,171.76516723632812
441,cow,9,83.93915557861328,110.2017822265625,131.17872619628906,166.57711791992188
441,cow,9,21.9075984954834,91.87835693359375,85.89157104492188,173.12655639648438
442,aeroplane,0,42.651573181152344,95.8901138305664,170.86349487304688,148.37623596191406
443,motorbike,13,157.51527404785156,113.18222045898438,200.10662841796875,178.86502075195312
443,person,14,176.066162109375,88.51350402832031,191.50732421875,151.15541076660156
444,dog,11,60.20420837402344,45.113502502441406,212.90818786621094,221.983642578125
445,cat,7,-1.04736328125,64.18592071533203,156.53646850585938,173.64544677734375
446,cat,7,9.958953857421875,28.0198974609375,223.21315002441406,200.97219848632812
447,car,6,14.233573913574219,18.677528381347656,224.5260009765625,141.69229125976562
448,cat,7,18.218719482421875,13.428207397460938,187.44288635253906,142.60728454589844
449,cat,7,121.7929916381836,44.89216232299805,187.17239379882812,110.50970458984375
450,cat,7,9.436485290527344,8.959175109863281,226.68466186523438,225.49118041992188
451,dog,11,50.57482147216797,70.64275360107422,169.14096069335938,179.05288696289062
452,person,14,138.8329620361328,126.74459075927734,197.14842224121094,217.82113647460938
452,horse,12,25.734399795532227,67.96536254882812,71.81358337402344,154.3182373046875
452,person,14,82.661865234375,120.68946838378906,143.32305908203125,226.89947509765625
452,person,14,116.98881530761719,85.55686950683594,171.6172332763672,200.44937133789062
452,person,14,128.2374725341797,76.072265625,166.42251586914062,147.39175415039062
453,sheep,16,83.1715087890625,87.61271667480469,133.19419860839844,149.80947875976562
453,sheep,16,92.84767150878906,22.544700622558594,199.0164337158203,128.68234252929688
454,dog,11,8.011184692382812,5.4096221923828125,223.02857971191406,220.5475311279297
455,cat,7,13.405036926269531,4.3544158935546875,226.19699096679688,224.2447967529297
456,bicycle,1,17.94170379638672,90.6220932006836,82.12601470947266,147.58631896972656
456,person,14,122.754150390625,98.61709594726562,160.96817016601562,185.30941772460938
456,bicycle,1,51.52370071411133,93.46812438964844,107.18101501464844,140.58299255371094
457,dog,11,71.29463958740234,120.39857482910156,132.33010864257812,172.8286895751953
458,cat,7,26.32544708251953,108.95599365234375,110.81098175048828,154.47879028320312
459,cow,9,-9.321327209472656,-1.64208984375,177.47305297851562,219.64019775390625
460,sheep,16,15.536216735839844,84.7166748046875,164.44473266601562,181.92678833007812
461,car,6,11.4967041015625,26.59734344482422,206.47274780273438,189.17507934570312
462,cat,7,-5.1242523193359375,0.0448150634765625,183.8685760498047,221.52096557617188
463,sofa,17,68.2115707397461,89.51996612548828,212.67959594726562,218.71768188476562
464,aeroplane,0,10.079147338867188,18.919578552246094,203.24652099609375,187.84881591796875
465,horse,12,94.43238830566406,114.76618194580078,122.20761108398438,169.61480712890625
465,horse,12,74.37628173828125,110.22186279296875,103.76634979248047,177.37399291992188
465,person,14,103.72346496582031,93.32869720458984,119.17012023925781,137.08404541015625
466,motorbike,13,42.95774841308594,22.542625427246094,189.43516540527344,207.104248046875
467,person,14,134.72927856445312,52.676124572753906,223.19207763671875,217.1380615234375
467,person,14,22.38498306274414,53.15680694580078,78.27752685546875,158.60202026367188
467,person,14,98.87176513671875,64.170166015625,176.59268188476562,221.36978149414062
467,person,14,87.89482116699219,78.51192474365234,147.51834106445312,212.51263427734375
467,diningtable,10,11.371917724609375,155.09571838378906,97.45481872558594,210.34751892089844
467,person,14,96.16509246826172,92.92350769042969,125.50692749023438,197.79782104492188
467,person,14,44.30845642089844,48.02027130126953,105.48434448242188,161.1534423828125
468,dog,11,19.920814514160156,34.69646453857422,198.60113525390625,188.05722045898438
469,cat,7,30.19005584716797,4.347320556640625,202.4749755859375,220.26651000976562
470,person,14,-1.0374412536621094,-3.79144287109375,76.13236999511719,79.00535583496094
470,person,14,73.42201232910156,-9.642402648925781,166.7186279296875,100.12801361083984
470,person,14,68.95091247558594,68.89854431152344,161.64480590820312,208.2720184326172
471,bus,5,13.947502136230469,50.56584167480469,200.92059326171875,182.03602600097656
472,pottedplant,15,26.74492645263672,18.551734924316406,191.11904907226562,188.05517578125
473,bus,5,40.18059539794922,16.33203887939453,179.84719848632812,160.41888427734375
473,person,14,16.485946655273438,101.95332336425781,24.3580322265625,130.07098388671875
474,sheep,16,85.80889892578125,35.12144470214844,204.773193359375,171.55320739746094
474,sheep,16,17.308086395263672,26.48485565185547,134.50086975097656,177.8448486328125
475,cat,7,-4.3143463134765625,-1.8876571655273438,179.96031188964844,219.47683715820312
476,dog,11,2.7183456420898438,1.2993927001953125,216.546875,222.5100860595703
477,person,14,44.31117248535156,140.11773681640625,95.13127136230469,229.59915161132812
477,person,14,133.39031982421875,110.93174743652344,210.70245361328125,226.9130859375
479,person,14,56.794349670410156,27.687049865722656,174.63662719726562,216.02822875976562
479,person,14,136.5687255859375,19.264404296875,213.31126403808594,208.62208557128906
479,person,14,44.023956298828125,43.56132507324219,126.54568481445312,219.78660583496094
480,aeroplane,0,18.36498260498047,46.93729782104492,200.40164184570312,131.71731567382812
481,person,14,65.26753997802734,13.162124633789062,229.63986206054688,226.3443145751953
481,person,14,10.504684448242188,106.5458984375,157.59683227539062,230.2222900390625
482,tvmonitor,19,4.987213134765625,59.98741912841797,81.04393005371094,168.3326416015625
482,tvmonitor,19,97.85557556152344,60.72811508178711,173.6758270263672,159.256591796875
483,dog,11,70.00904846191406,16.62240219116211,150.0660400390625,132.29986572265625
484,chair,8,171.5569610595703,40.243072509765625,225.30491638183594,178.0543670654297
485,train,18,42.33818054199219,34.304420471191406,163.88560485839844,181.03436279296875
485,train,18,70.16378784179688,51.771183013916016,132.6573486328125,176.59022521972656
486,sheep,16,37.71189880371094,38.90141296386719,105.96876525878906,127.14923095703125
486,sheep,16,141.06918334960938,68.94205474853516,204.74208068847656,175.78262329101562
486,sheep,16,34.653663635253906,62.13494110107422,80.25337982177734,116.56810760498047
487,dog,11,97.28258514404297,103.26641082763672,197.23489379882812,184.06298828125
487,dog,11,56.97929763793945,70.38201904296875,119.25944519042969,144.7884521484375
487,dog,11,118.15167236328125,117.51846313476562,177.2449951171875,174.55288696289062
487,sofa,17,51.88893127441406,66.35588073730469,161.51698303222656,156.84365844726562
488,person,14,137.48345947265625,152.2403106689453,158.01589965820312,198.2369384765625
488,person,14,161.23463439941406,148.22511291503906,182.81375122070312,199.7585906982422
489,cat,7,7.846702575683594,1.9581222534179688,224.55020141601562,221.50180053710938
490,car,6,34.72553253173828,60.102542877197266,201.39901733398438,179.4692840576172
491,bird,2,51.23957824707031,48.13330078125,101.20658874511719,174.36654663085938
492,car,6,14.393272399902344,132.56280517578125,219.50827026367188,213.55958557128906
493,person,14,8.994895935058594,19.151161193847656,97.9845199584961,228.51739501953125
493,person,14,127.703369140625,14.3746337890625,212.30026245117188,219.99169921875
493,person,14,76.28900146484375,29.336341857910156,142.78945922851562,211.4810791015625
494,dog,11,37.78178405761719,55.033355712890625,147.7001953125,156.43959045410156
495,cat,7,2.1496505737304688,10.357925415039062,214.31423950195312,211.6002960205078
497,bird,2,20.186187744140625,12.281074523925781,206.87388610839844,208.706787109375
498,cat,7,-2.9953384399414062,9.54119873046875,161.99871826171875,211.18531799316406
499,cat,7,11.716110229492188,83.7125473022461,200.97720336914062,225.87863159179688
500,tvmonitor,19,41.479713439941406,39.67756652832031,157.54476928710938,167.24095153808594
501,motorbike,13,34.4039306640625,72.06846618652344,168.2420196533203,205.3405303955078
501,person,14,56.606895446777344,28.266220092773438,115.3095932006836,134.59507751464844
502,person,14,141.1339111328125,83.98309326171875,204.01263427734375,212.55911254882812
502,person,14,13.291610717773438,74.60226440429688,96.57968139648438,220.081787109375
502,person,14,47.78074264526367,48.957313537597656,107.6397705078125,164.59158325195312
502,person,14,118.80183410644531,66.4561767578125,150.4854278564453,148.03440856933594
502,person,14,104.47724914550781,67.44996643066406,134.888916015625,146.59201049804688
502,diningtable,10,57.37847137451172,119.48430633544922,173.54617309570312,219.13522338867188
504,person,14,34.03877258300781,94.4847640991211,70.79461669921875,198.41848754882812
504,person,14,62.92161560058594,99.22998046875,90.48875427246094,189.030517578125
504,person,14,131.26902770996094,96.92536926269531,160.7881622314453,190.76724243164062
504,person,14,95.48411560058594,135.6785430908203,130.04844665527344,212.4546356201172
504,person,14,150.413818359375,98.97529602050781,184.84927368164062,180.84857177734375
504,person,14,101.19988250732422,105.19084167480469,122.46833801269531,187.19668579101562
504,person,14,118.85494232177734,126.95362091064453,162.24073791503906,211.1737060546875
505,bird,2,94.09353637695312,96.78016662597656,143.01358032226562,179.76971435546875
505,bird,2,5.286281585693359,48.90326690673828,76.22871398925781,186.63409423828125
505,bird,2,-2.7729835510253906,79.27104187011719,45.932579040527344,191.73690795898438
506,motorbike,13,9.567451477050781,3.67138671875,225.76419067382812,223.49147033691406
507,dog,11,16.9676513671875,16.3380126953125,169.72064208984375,226.88552856445312
508,boat,3,36.78955841064453,78.19912719726562,172.30160522460938,121.8459243774414
509,aeroplane,0,47.4349365234375,88.61117553710938,127.81004333496094,118.078369140625
510,motorbike,13,24.245262145996094,61.71479034423828,219.58352661132812,207.26400756835938
511,diningtable,10,22.409500122070312,162.19589233398438,207.96621704101562,229.674072265625
511,person,14,144.41043090820312,54.622108459472656,217.2782440185547,184.20547485351562
511,person,14,75.35137939453125,51.16477584838867,145.605224609375,156.58462524414062
511,person,14,7.725749969482422,70.61284637451172,50.0654411315918,166.91351318359375
511,person,14,178.86114501953125,66.77377319335938,225.65501403808594,169.79412841796875
512,chair,8,98.61259460449219,96.6180419921875,132.92181396484375,177.31106567382812
513,tvmonitor,19,49.6016960144043,131.48410034179688,119.08242797851562,224.40390014648438
514,bicycle,1,24.44068145751953,2.0789794921875,208.30215454101562,218.31094360351562
514,bicycle,1,137.59918212890625,64.88438415527344,233.17901611328125,226.47816467285156
515,cat,7,1.5948867797851562,1.9923477172851562,221.09130859375,223.44253540039062
516,horse,12,4.954315185546875,76.22071075439453,193.0719757080078,223.5738525390625
517,car,6,5.744041442871094,73.34967041015625,203.42269897460938,218.51800537109375
518,person,14,48.755332946777344,18.570144653320312,167.01364135742188,205.07752990722656
519,aeroplane,0,20.762344360351562,48.33753967285156,223.2490997314453,180.1064910888672
520,dog,11,9.967208862304688,77.09696960449219,210.2328643798828,219.9299774169922
521,cow,9,21.50499725341797,1.6126861572265625,202.02645874023438,202.23263549804688
522,cat,7,6.293121337890625,10.700767517089844,226.6969451904297,226.73046875
523,sofa,17,91.85095977783203,89.74736785888672,187.19869995117188,183.8861083984375
523,sofa,17,9.21600341796875,133.80967712402344,94.39599609375,218.7526397705078
523,chair,8,175.70306396484375,102.68598937988281,230.5824737548828,196.76046752929688
524,cow,9,63.304656982421875,90.7853775024414,117.60234069824219,142.09219360351562
525,cat,7,18.746017456054688,63.44969177246094,218.5095672607422,207.68373107910156
526,motorbike,13,96.8321762084961,63.62690734863281,174.96786499023438,148.36117553710938
527,cat,7,39.830238342285156,13.301887512207031,180.01791381835938,209.09783935546875
528,chair,8,157.2870330810547,100.36003112792969,192.6130828857422,171.6148681640625
528,sofa,17,9.027015686035156,138.7843780517578,133.47213745117188,225.3699493408203
528,chair,8,182.99818420410156,97.61772155761719,215.10118103027344,175.43081665039062
528,chair,8,126.89028930664062,101.95382690429688,158.38580322265625,169.47952270507812
529,person,14,23.560226440429688,36.97032165527344,205.73683166503906,191.67115783691406
529,person,14,74.2442626953125,19.107913970947266,208.49343872070312,125.52859497070312
530,bicycle,1,61.40235900878906,5.982048034667969,235.3245086669922,222.69671630859375
531,bicycle,1,47.13861083984375,150.40394592285156,179.63694763183594,228.2711639404297
531,person,14,63.13410568237305,60.03425598144531,161.21412658691406,231.07801818847656
531,person,14,35.82826232910156,65.88052368164062,118.08543395996094,226.40750122070312
531,bicycle,1,65.77677917480469,171.15567016601562,161.15057373046875,219.86959838867188
531,person,14,36.42715072631836,85.738037109375,82.29109191894531,202.22650146484375
532,person,14,96.10748291015625,13.326164245605469,230.91629028320312,231.75112915039062
532,person,14,-5.134956359863281,45.51184844970703,140.33551025390625,227.59124755859375
533,dog,11,6.760902404785156,1.2612762451171875,224.97006225585938,223.0796661376953
534,cat,7,33.09056091308594,43.503448486328125,196.21372985839844,187.2952423095703
535,person,14,19.418075561523438,15.451370239257812,202.6685028076172,221.62249755859375
536,person,14,81.27079772949219,38.78073501586914,130.29776000976562,126.98635864257812
536,person,14,19.92984390258789,45.90544891357422,87.05284118652344,168.20797729492188
536,person,14,155.4999542236328,47.61194610595703,196.1833953857422,117.41608428955078
536,person,14,134.10015869140625,92.14726257324219,201.98916625976562,210.51869201660156
536,person,14,97.08494567871094,44.137184143066406,123.16754913330078,113.7331771850586
536,person,14,126.24488830566406,45.922767639160156,160.2664794921875,113.7130355834961
536,person,14,9.706214904785156,152.22998046875,77.25448608398438,210.97398376464844
536,person,14,63.39206314086914,45.066856384277344,103.76742553710938,131.26300048828125
536,chair,8,1.9830169677734375,142.69662475585938,43.560115814208984,219.58901977539062
537,motorbike,13,44.03666687011719,43.262611389160156,197.81016540527344,197.95309448242188
538,bus,5,18.65310287475586,63.613555908203125,100.06829833984375,131.7588653564453
538,bus,5,152.71475219726562,77.66790771484375,210.38754272460938,125.51593017578125
539,sheep,16,84.71403503417969,92.44099426269531,153.4793701171875,169.0238037109375
540,horse,12,6.0879974365234375,19.89954376220703,198.53167724609375,224.13473510742188
541,dog,11,56.762447357177734,52.62260437011719,125.1063232421875,162.79441833496094
541,dog,11,128.2632598876953,67.33937072753906,152.5839080810547,142.21627807617188
542,cat,7,63.495704650878906,59.46147155761719,117.0275650024414,155.24188232421875
543,cow,9,92.0329360961914,90.4804458618164,129.29306030273438,135.2633514404297
544,cat,7,-3.6350479125976562,0.7853469848632812,189.27947998046875,221.45611572265625
545,bird,2,132.08102416992188,69.24888610839844,217.3043212890625,177.08253479003906
545,bird,2,28.194374084472656,74.11181640625,148.057861328125,200.734375
546,bird,2,28.09994888305664,42.788944244384766,120.32882690429688,158.23623657226562
546,bird,2,90.66960906982422,14.613479614257812,206.2376708984375,156.2782440185547
547,motorbike,13,8.847488403320312,10.099128723144531,220.34893798828125,213.37881469726562
548,car,6,20.435562133789062,54.11383819580078,217.3021240234375,207.475830078125
549,motorbike,13,37.413787841796875,25.878402709960938,173.32254028320312,217.22650146484375
550,aeroplane,0,48.34881591796875,19.835227966308594,222.3741455078125,218.83709716796875
551,car,6,6.052032470703125,13.254081726074219,212.41018676757812,216.2149658203125
552,bird,2,129.20167541503906,120.556396484375,168.12835693359375,177.37039184570312
553,cat,7,6.583045959472656,2.2923812866210938,225.42916870117188,221.37966918945312
555,boat,3,18.571075439453125,23.787551879882812,197.99057006835938,204.5817108154297
556,horse,12,43.40711212158203,42.665992736816406,202.35458374023438,223.36395263671875
557,pottedplant,15,118.42953491210938,3.4797134399414062,224.27716064453125,217.25582885742188
558,cat,7,8.127792358398438,2.0137176513671875,227.53306579589844,222.38584899902344
559,bus,5,16.22046661376953,10.062301635742188,212.07528686523438,207.0707244873047
560,cow,9,6.837493896484375,50.86400604248047,205.32696533203125,215.04791259765625
561,cat,7,69.4001235961914,-12.213409423828125,231.09994506835938,163.6987762451172
562,train,18,-8.080642700195312,-9.928817749023438,126.5836181640625,186.2108154296875
563,sheep,16,160.87855529785156,69.36373901367188,208.78636169433594,145.56590270996094
563,sheep,16,77.54356384277344,67.1040267944336,136.15432739257812,152.09857177734375
563,person,14,89.27852630615234,36.89934539794922,121.84370422363281,121.72814178466797
563,person,14,93.30113220214844,16.322341918945312,127.03848266601562,93.23384094238281
563,person,14,57.37986373901367,63.84315872192383,117.07026672363281,145.0943145751953
563,sheep,16,87.32733917236328,77.06211853027344,119.75252532958984,142.78207397460938
564,sheep,16,122.36424255371094,119.86843872070312,161.38668823242188,160.69485473632812
564,sheep,16,159.64703369140625,121.22687530517578,194.63543701171875,169.02757263183594
564,sheep,16,55.179779052734375,110.64387512207031,91.46250915527344,164.48011779785156
564,cow,9,101.35684204101562,117.87078094482422,133.57540893554688,158.83587646484375
564,sheep,16,2.861888885498047,113.78533172607422,21.349769592285156,152.0577850341797
565,cow,9,65.06912994384766,109.73673248291016,155.91864013671875,198.20626831054688
566,person,14,17.600265502929688,7.3275146484375,210.24879455566406,214.58743286132812
566,person,14,125.60530090332031,31.841354370117188,209.85580444335938,203.9816436767578
567,bird,2,42.322105407714844,73.44424438476562,91.12818908691406,132.6168212890625
568,car,6,112.76038360595703,131.00770568847656,135.13555908203125,153.30807495117188
568,car,6,120.55452728271484,131.75607299804688,144.53802490234375,145.4856719970703
569,dog,11,57.62031555175781,67.0641860961914,215.2473907470703,224.67300415039062
570,person,14,24.12055206298828,3.1620254516601562,185.44723510742188,139.76910400390625
571,cat,7,2.1262435913085938,22.23736572265625,116.326171875,178.33993530273438
572,car,6,1.4342803955078125,-2.9798126220703125,222.9417724609375,213.87619018554688
573,horse,12,-1.2353591918945312,2.70843505859375,216.0003662109375,220.98837280273438
574,person,14,102.70916748046875,58.364166259765625,197.22531127929688,175.45864868164062
574,chair,8,8.365371704101562,151.00921630859375,73.61199188232422,220.20623779296875
574,diningtable,10,29.643539428710938,179.8681640625,200.7586212158203,220.8188018798828
575,dog,11,84.3529052734375,70.82310485839844,144.17965698242188,198.81698608398438
576,cat,7,12.7567138671875,11.391220092773438,204.90882873535156,210.25564575195312
577,person,14,11.845664978027344,2.3282699584960938,202.78973388671875,209.83078002929688
577,person,14,8.946434020996094,-6.4888916015625,150.88821411132812,115.17572021484375
578,person,14,106.1148910522461,81.42308044433594,141.52743530273438,125.24473571777344
578,motorbike,13,120.69315338134766,83.9296646118164,146.67648315429688,120.39051818847656
579,bottle,4,29.71723175048828,18.982650756835938,133.11968994140625,210.38925170898438
579,bottle,4,86.91328430175781,18.859848022460938,197.94091796875,206.0264434814453
580,motorbike,13,79.63787841796875,142.39418029785156,156.84243774414062,194.14639282226562
581,bird,2,46.22064971923828,2.07196044921875,218.83328247070312,223.37899780273438
582,person,14,86.61697387695312,83.35589599609375,119.12457275390625,142.49740600585938
582,person,14,56.62321472167969,116.52617645263672,89.58726501464844,162.0330810546875
583,car,6,66.93475341796875,2.24609375,216.90234375,139.43397521972656
583,motorbike,13,48.349891662597656,48.718711853027344,168.93621826171875,175.48660278320312
584,car,6,62.61659622192383,88.74949645996094,95.64280700683594,117.51587677001953
585,cat,7,19.853004455566406,29.311309814453125,197.05615234375,206.98458862304688
587,sheep,16,13.900199890136719,5.874961853027344,213.81301879882812,218.11358642578125
588,bird,2,-6.8706207275390625,47.20787811279297,148.5967559814453,222.61538696289062
588,bird,2,130.74176025390625,27.038589477539062,231.7350616455078,198.4640350341797
589,person,14,22.674087524414062,56.943321228027344,137.01870727539062,223.78387451171875
589,person,14,147.14022827148438,111.98831939697266,204.55886840820312,213.8719482421875
591,sheep,16,25.878875732421875,25.372604370117188,220.73927307128906,193.68128967285156
593,bird,2,8.87717056274414,76.85579681396484,68.07080078125,168.49337768554688
593,bird,2,27.932003021240234,102.81341552734375,59.29945755004883,131.57962036132812
594,car,6,52.884910583496094,65.06517791748047,164.40328979492188,176.65875244140625
595,sheep,16,162.685546875,136.94918823242188,212.82894897460938,204.63829040527344
595,sheep,16,72.20718383789062,110.33537292480469,130.0252685546875,174.22799682617188
596,dog,11,103.49775695800781,48.227813720703125,170.621826171875,197.50198364257812
597,bus,5,53.56431198120117,89.4493637084961,151.50218200683594,187.29473876953125
598,bird,2,67.46356964111328,61.291770935058594,157.32211303710938,172.6285400390625
599,sofa,17,10.144699096679688,55.69783020019531,209.89602661132812,218.4103546142578
599,dog,11,8.4656982421875,57.18980026245117,97.18963623046875,149.2232208251953
600,aeroplane,0,84.25358581542969,72.01827239990234,205.40110778808594,156.33236694335938
601,cat,7,0.5515060424804688,1.449554443359375,221.54672241210938,223.2037811279297
603,person,14,15.880561828613281,18.367431640625,201.10784912109375,220.54092407226562
603,person,14,-10.347206115722656,19.771926879882812,92.95655059814453,208.38571166992188
603,person,14,122.44132995605469,26.900184631347656,221.5818634033203,200.42919921875
603,person,14,64.71000671386719,37.21208190917969,152.21084594726562,199.17555236816406
604,sofa,17,75.12726593017578,74.39332580566406,224.13873291015625,209.3611602783203
605,chair,8,20.770404815673828,106.25233459472656,72.35923767089844,156.33445739746094
605,chair,8,29.012901306152344,101.5489730834961,59.34693145751953,132.97608947753906
605,bicycle,1,13.795409202575684,106.59439086914062,36.41472625732422,137.4309539794922
605,sofa,17,108.05875396728516,105.0527114868164,172.84823608398438,170.33279418945312
605,person,14,82.86546325683594,93.19115447998047,138.359375,144.6751251220703
605,chair,8,9.88538932800293,106.38850402832031,38.33799743652344,156.3191375732422
605,person,14,127.75300598144531,92.90908813476562,164.06678771972656,136.17098999023438
605,chair,8,67.2342529296875,101.0059585571289,94.69386291503906,132.1090545654297
606,person,14,8.778045654296875,16.455581665039062,223.92373657226562,228.30520629882812
607,car,6,28.920013427734375,61.6242561340332,219.60647583007812,170.3065948486328
608,cat,7,13.712753295898438,17.473526000976562,202.8480224609375,213.5378875732422
609,cat,7,9.144271850585938,8.37432861328125,222.6537322998047,221.1761016845703
610,bicycle,1,30.066505432128906,2.6793136596679688,216.50628662109375,219.26162719726562
611,aeroplane,0,7.67852783203125,49.71244812011719,214.0894012451172,164.4478759765625
612,train,18,3.6884307861328125,16.494888305664062,180.63963317871094,168.87066650390625
613,dog,11,53.65462875366211,15.701103210449219,164.09133911132812,220.90777587890625
614,cow,9,61.78510284423828,73.79241180419922,219.04214477539062,214.58456420898438
615,train,18,116.34073638916016,52.72050476074219,225.10836791992188,215.5453338623047
616,sheep,16,36.268123626708984,71.40296936035156,109.65422058105469,208.7965545654297
616,sheep,16,-0.6346302032470703,83.24407958984375,43.52519226074219,194.876708984375
616,sheep,16,175.32086181640625,82.95199584960938,217.8082275390625,191.39361572265625
616,sheep,16,115.19271850585938,96.42596435546875,154.135009765625,183.3084716796875
616,sheep,16,160.6112823486328,65.33877563476562,209.06683349609375,175.294677734375
617,sheep,16,88.83381652832031,92.61068725585938,140.6376953125,172.7186279296875
617,sheep,16,51.149078369140625,82.40209197998047,86.14100646972656,145.247802734375
617,sheep,16,160.52951049804688,69.16580963134766,184.8432159423828,109.84520721435547
618,chair,8,87.27835083007812,25.677513122558594,136.90789794921875,213.74490356445312
619,person,14,99.00479125976562,107.19932556152344,124.70865631103516,183.86489868164062
620,motorbike,13,41.116783142089844,18.90496063232422,187.20562744140625,213.39663696289062
621,cat,7,34.99676513671875,13.416252136230469,199.97323608398438,219.82284545898438
622,cat,7,12.312950134277344,27.0074462890625,165.0196533203125,113.77479553222656
623,diningtable,10,0.35721588134765625,3.3173675537109375,219.22589111328125,222.84642028808594
624,person,14,144.33169555664062,56.562652587890625,212.40609741210938,182.9561767578125
624,diningtable,10,16.000770568847656,184.88662719726562,213.76437377929688,220.46446228027344
624,person,14,67.09602355957031,60.39678192138672,162.86044311523438,208.11373901367188
624,person,14,14.760871887207031,53.22413635253906,132.37863159179688,216.03126525878906
624,person,14,10.394058227539062,48.812660217285156,90.72103881835938,180.4171142578125
625,person,14,11.100288391113281,51.30841064453125,159.326416015625,215.85775756835938
626,dog,11,18.771705627441406,59.62150573730469,146.03518676757812,141.09634399414062
627,cat,7,53.7097282409668,83.80829620361328,169.8382568359375,216.18838500976562
627,person,14,12.350189208984375,5.006927490234375,210.57864379882812,219.42391967773438
628,bird,2,0.43766021728515625,9.26171875,205.47833251953125,211.8740692138672
629,car,6,28.382965087890625,65.26990509033203,171.46376037597656,205.503662109375
630,boat,3,77.57283782958984,94.1639404296875,130.01031494140625,119.0081558227539
632,cat,7,88.66529083251953,16.862159729003906,200.92599487304688,209.32980346679688
632,cat,7,15.968879699707031,61.349388122558594,139.75222778320312,213.53732299804688
633,pottedplant,15,84.85619354248047,-1.3823394775390625,224.98416137695312,209.39645385742188
634,dog,11,57.71700668334961,66.74038696289062,170.55938720703125,221.916259765625
635,cow,9,63.237884521484375,95.26544189453125,92.70277404785156,137.09521484375
635,cow,9,86.12288665771484,88.79960632324219,131.11526489257812,144.36444091796875
635,cow,9,131.23892211914062,87.88025665283203,161.3790283203125,125.43522644042969
636,bus,5,25.519977569580078,40.470252990722656,133.86566162109375,164.44775390625
636,bus,5,161.86669921875,86.36811828613281,184.3328399658203,126.21212768554688
636,person,14,199.36619567871094,96.86293029785156,209.89450073242188,130.37759399414062
637,boat,3,32.41077423095703,50.15949249267578,217.68447875976562,191.07623291015625
638,sheep,16,54.121490478515625,17.933555603027344,218.64727783203125,213.10061645507812
639,bird,2,67.79423522949219,31.73554229736328,150.03005981445312,176.91140747070312
639,bird,2,89.77598571777344,45.426910400390625,137.45797729492188,162.37786865234375
640,dog,11,4.569389343261719,10.167068481445312,223.57229614257812,225.86903381347656
641,cat,7,82.20108032226562,100.6174545288086,214.66305541992188,228.65618896484375
642,bird,2,11.312149047851562,0.9671096801757812,217.88633728027344,218.16912841796875
643,person,14,6.8557281494140625,73.69670104980469,158.71502685546875,221.77394104003906
643,person,14,88.25672912597656,25.215553283691406,199.27920532226562,202.73153686523438
644,dog,11,11.254829406738281,0.5272216796875,209.51080322265625,209.97537231445312
645,sofa,17,9.420303344726562,77.88240051269531,208.05746459960938,203.36422729492188
645,dog,11,36.098876953125,112.92340850830078,129.5095977783203,192.5233154296875
646,dog,11,4.3010101318359375,6.166831970214844,172.85153198242188,192.45919799804688
647,bicycle,1,12.962783813476562,26.178543090820312,219.68629455566406,210.2495574951172
648,motorbike,13,55.95143508911133,45.483131408691406,177.3929901123047,177.61959838867188
648,person,14,105.46096801757812,28.453632354736328,181.41372680664062,119.36834716796875
648,person,14,75.54731750488281,31.007389068603516,153.89584350585938,121.059326171875
649,person,14,12.5963134765625,68.23811340332031,86.71642303466797,221.9906463623047
649,person,14,143.75088500976562,66.38250732421875,211.8619384765625,213.66311645507812
649,diningtable,10,58.917335510253906,120.28471374511719,172.84414672851562,221.44769287109375
649,person,14,128.81900024414062,70.96747589111328,158.46473693847656,145.57852172851562
649,person,14,101.21792602539062,70.58282470703125,124.91134643554688,140.554443359375
649,person,14,176.04405212402344,74.22175598144531,224.595458984375,214.1477813720703
649,person,14,148.4737548828125,65.42655944824219,196.31736755371094,167.62203979492188
649,person,14,53.96371841430664,67.25595092773438,100.94442749023438,153.35305786132812
649,person,14,36.47492980957031,82.46190643310547,66.452392578125,201.7930908203125
650,dog,11,14.992378234863281,41.352081298828125,167.39682006835938,228.84597778320312
651,person,14,7.099525451660156,56.245567321777344,87.1866683959961,220.39028930664062
651,person,14,138.74258422851562,81.55899810791016,219.44496154785156,209.17144775390625
651,person,14,83.99176025390625,70.12857055664062,124.51016235351562,148.09368896484375
651,diningtable,10,36.148162841796875,129.8180389404297,191.42431640625,217.72976684570312
652,cat,7,6.816368103027344,32.83771514892578,148.77426147460938,197.04837036132812
652,cat,7,91.42628479003906,31.295242309570312,207.12875366210938,202.34693908691406
653,person,14,6.68634033203125,11.503227233886719,140.71009826660156,217.96124267578125
653,person,14,139.3872528076172,127.59706115722656,202.02491760253906,211.4472198486328
654,person,14,5.897026062011719,-0.21236419677734375,225.15957641601562,219.33047485351562
655,aeroplane,0,21.77440643310547,90.81712341308594,208.21499633789062,180.3417510986328
656,sheep,16,103.78752899169922,102.33638763427734,127.87042999267578,133.55096435546875
657,bus,5,61.46614074707031,35.056854248046875,209.3184356689453,199.61643981933594
658,dog,11,13.924442291259766,155.21034240722656,98.11726379394531,219.35079956054688
659,dog,11,66.36383056640625,77.44947814941406,149.791748046875,193.95388793945312
659,chair,8,146.501953125,5.1485443115234375,215.91751098632812,151.22178649902344
660,cow,9,127.14212799072266,79.13115692138672,159.05491638183594,104.6153335571289
661,dog,11,15.044685363769531,14.290939331054688,165.12353515625,225.3015899658203
663,cat,7,-2.9684066772460938,4.326820373535156,173.19790649414062,222.2515869140625
664,bird,2,89.95491790771484,74.97525024414062,134.30068969726562,204.7176513671875
665,cat,7,21.42890167236328,76.54906463623047,158.35687255859375,165.41619873046875
666,person,14,30.7943172454834,80.95809173583984,76.6681137084961,204.34161376953125
666,person,14,55.51933288574219,87.85712432861328,95.87057495117188,207.4805908203125
666,person,14,138.01954650878906,80.13758850097656,160.3627166748047,144.1761932373047
666,person,14,127.66446685791016,87.8184585571289,164.29513549804688,194.27166748046875
666,person,14,60.87152862548828,100.99014282226562,86.05732727050781,185.34112548828125
666,person,14,111.40130615234375,126.35337829589844,169.71511840820312,219.35476684570312
666,person,14,151.9354705810547,71.08328247070312,184.54037475585938,156.6941680908203
667,sofa,17,9.861305236816406,13.055213928222656,219.71002197265625,212.276611328125
667,dog,11,62.26133728027344,105.04749298095703,200.9827117919922,225.38156127929688
668,bicycle,1,6.692787170410156,7.126716613769531,173.95263671875,170.83810424804688
668,bicycle,1,136.05502319335938,79.16255187988281,221.44696044921875,210.9676055908203
669,bus,5,133.24009704589844,54.31711959838867,203.23025512695312,121.95040893554688
669,bus,5,41.07172393798828,1.1010055541992188,124.36986541748047,140.603759765625
670,bicycle,1,36.32762908935547,78.43344116210938,193.66445922851562,206.01724243164062
671,dog,11,9.372390747070312,18.79443359375,211.7620086669922,224.38943481445312
672,person,14,74.39982604980469,-0.02758026123046875,222.5587921142578,218.86996459960938
673,cow,9,57.270118713378906,7.482940673828125,216.94287109375,223.22445678710938
674,dog,11,76.00471496582031,70.40884399414062,140.31533813476562,203.65316772460938
674,person,14,9.123153686523438,21.84069061279297,92.21560668945312,211.76602172851562
674,dog,11,49.250518798828125,63.048858642578125,121.646240234375,211.20684814453125
675,motorbike,13,70.97640991210938,25.5791015625,168.69223022460938,198.7422332763672
675,bicycle,1,-3.8923702239990234,55.73216247558594,48.11183166503906,179.5322723388672
676,dog,11,5.000205993652344,0.14052581787109375,224.3447265625,215.72528076171875
677,motorbike,13,6.85040283203125,15.420066833496094,223.10427856445312,226.84228515625
678,tvmonitor,19,106.21202087402344,95.39043426513672,166.7069549560547,178.74948120117188
678,tvmonitor,19,15.282386779785156,148.16555786132812,78.15713500976562,221.53463745117188
679,tvmonitor,19,4.5330352783203125,-1.7334671020507812,199.08395385742188,214.0499267578125
680,sofa,17,4.107147216796875,6.334320068359375,221.356201171875,220.73773193359375
681,aeroplane,0,14.423065185546875,57.255943298339844,202.36988830566406,217.43133544921875
682,person,14,93.23480224609375,10.08563232421875,149.6725311279297,138.04476928710938
682,motorbike,13,67.9405746459961,74.8634033203125,202.83523559570312,191.32156372070312
683,sheep,16,-9.085700988769531,9.285041809082031,160.124267578125,224.93914794921875
684,sofa,17,22.82537078857422,89.63470458984375,192.50601196289062,215.16769409179688
685,cat,7,44.43937683105469,41.535850524902344,186.8536834716797,223.90472412109375
686,person,14,5.628334045410156,5.651153564453125,208.51324462890625,218.0211944580078
686,cat,7,43.92353820800781,92.61373901367188,172.2574462890625,203.41610717773438
687,car,6,47.503868103027344,86.65536499023438,170.11923217773438,200.97927856445312
687,person,14,58.10948944091797,12.563804626464844,151.26898193359375,143.051513671875
687,car,6,-2.753713607788086,106.0601806640625,44.266441345214844,161.03347778320312
688,boat,3,53.696170806884766,83.95889282226562,99.47509765625,147.8404541015625
688,boat,3,73.17840576171875,82.91313934326172,148.29100036621094,156.63497924804688
689,train,18,63.1785888671875,96.54470825195312,213.00433349609375,142.40240478515625
690,person,14,25.04443359375,22.62067413330078,209.2340545654297,210.3798828125
690,person,14,45.88275146484375,20.713092803955078,190.2614288330078,137.1456298828125
691,cat,7,-8.7869873046875,53.04670715332031,165.804931640625,211.54698181152344
692,aeroplane,0,18.777236938476562,80.24009704589844,205.2000732421875,155.63604736328125
693,cat,7,-0.149810791015625,41.59954071044922,176.9862060546875,221.96353149414062
695,sheep,16,1.4323272705078125,64.96395874023438,181.1063995361328,219.78775024414062
696,motorbike,13,23.635726928710938,19.11872100830078,204.0623016357422,184.86444091796875
697,person,14,48.58356475830078,15.567024230957031,224.98175048828125,229.98593139648438
698,bird,2,82.30606842041016,53.701377868652344,190.02621459960938,220.70291137695312
699,train,18,13.18841552734375,84.29617309570312,199.44427490234375,158.40904235839844
700,motorbike,13,7.758003234863281,20.635940551757812,214.78817749023438,219.01307678222656
701,cat,7,76.57076263427734,8.964149475097656,225.57656860351562,222.68978881835938
702,car,6,-9.441606521606445,56.331207275390625,64.73387908935547,143.63705444335938
702,horse,12,45.919586181640625,46.52104187011719,170.95294189453125,185.5145721435547
702,person,14,192.18862915039062,93.75898742675781,209.69700622558594,142.73284912109375
702,person,14,173.44171142578125,90.19313049316406,190.89334106445312,140.71261596679688
704,cat,7,55.260475158691406,3.5368499755859375,229.174072265625,222.77700805664062
706,dog,11,10.691848754882812,0.2913970947265625,214.9868927001953,201.23670959472656
707,cow,9,73.82865142822266,76.83425903320312,131.39401245117188,198.51666259765625
708,tvmonitor,19,63.83466339111328,63.50871276855469,134.44183349609375,162.3439483642578
708,tvmonitor,19,154.06109619140625,62.32951354980469,202.51351928710938,160.2242431640625
709,chair,8,111.02647399902344,39.676475524902344,197.8773956298828,183.66888427734375
709,chair,8,20.212379455566406,85.16447448730469,117.89704132080078,186.1414794921875
710,dog,11,43.35871124267578,39.12422180175781,188.32351684570312,225.1922149658203
711,horse,12,64.5488052368164,39.19774627685547,137.85940551757812,175.99334716796875
712,car,6,24.399085998535156,48.58861541748047,199.07205200195312,179.86187744140625
713,car,6,3.8763885498046875,38.130287170410156,204.9833526611328,206.7816162109375
714,cat,7,71.82089233398438,46.18858337402344,201.32644653320312,189.09727478027344
715,chair,8,23.46949005126953,84.73579406738281,127.29976654052734,218.50938415527344
716,diningtable,10,26.17339324951172,174.135498046875,206.07803344726562,221.4114990234375
716,diningtable,10,40.50299072265625,163.320068359375,189.251708984375,205.68080139160156
717,bus,5,3.0661239624023438,26.384750366210938,203.35888671875,151.2675323486328
718,person,14,132.68997192382812,111.0682373046875,209.5543212890625,220.05426025390625
718,person,14,41.04106903076172,97.24458312988281,140.69287109375,229.46693420410156
718,person,14,43.89655303955078,48.78353500366211,103.54254150390625,162.39601135253906
718,person,14,121.82219696044922,59.74871826171875,167.03659057617188,153.37948608398438
718,person,14,11.718425750732422,119.23477172851562,75.52552795410156,216.40274047851562
718,person,14,146.07708740234375,72.69287109375,188.2435760498047,143.47283935546875
718,person,14,58.10303497314453,53.70930099487305,98.48939514160156,125.26029968261719
718,person,14,-1.1371002197265625,115.0822982788086,51.17790222167969,223.75262451171875
718,person,14,32.49617004394531,54.430789947509766,72.23934936523438,118.66229248046875
718,person,14,23.020771026611328,48.7863883972168,80.8516845703125,156.6259002685547
719,aeroplane,0,96.23274993896484,91.8758316040039,134.66305541992188,125.93997192382812
720,sofa,17,3.5875625610351562,13.078330993652344,224.04541015625,219.67062377929688
720,person,14,59.57447814941406,65.61212921142578,215.06715393066406,211.81439208984375
721,cat,7,12.296012878417969,39.89641571044922,151.24395751953125,223.8115234375
722,person,14,30.4808349609375,-3.5524826049804688,193.770263671875,187.57321166992188
722,diningtable,10,5.509956359863281,170.54888916015625,223.33486938476562,223.3946075439453
723,sheep,16,85.10821533203125,56.47236633300781,155.94500732421875,162.8860321044922
723,sheep,16,98.06610107421875,42.34645462036133,168.86062622070312,129.24044799804688
724,train,18,9.125724792480469,43.335975646972656,206.58718872070312,221.8004150390625
725,chair,8,27.265396118164062,10.802574157714844,201.37608337402344,217.088623046875
726,chair,8,-0.6027565002441406,50.525604248046875,78.29629516601562,185.01043701171875
726,dog,11,79.07957458496094,71.95455932617188,153.78790283203125,163.68154907226562
727,aeroplane,0,13.125495910644531,58.98381805419922,203.37899780273438,150.58074951171875
728,dog,11,27.287628173828125,11.791900634765625,206.7767333984375,201.9265899658203
729,boat,3,69.1995620727539,89.73431396484375,201.90863037109375,199.85845947265625
730,bicycle,1,10.072578430175781,45.873626708984375,214.1356201171875,199.1204376220703
731,dog,11,13.300430297851562,25.11572265625,205.0290069580078,215.57345581054688
732,car,6,33.07054901123047,67.8239517211914,206.4134521484375,159.80755615234375
733,sheep,16,12.340888977050781,85.07861328125,99.0102767944336,197.45208740234375
733,sheep,16,87.32447814941406,67.0829086303711,155.71435546875,171.43356323242188
733,sheep,16,147.76051330566406,57.787193298339844,202.1560516357422,153.42648315429688
734,cat,7,88.49864959716797,39.9004020690918,177.933837890625,140.12892150878906
734,cat,7,53.221839904785156,30.944656372070312,178.60073852539062,181.8524627685547
735,person,14,22.792930603027344,19.143096923828125,193.28335571289062,206.2578125
735,dog,11,105.43687438964844,119.06631469726562,200.48931884765625,222.93170166015625
735,person,14,5.549427032470703,119.78350830078125,92.49546813964844,220.287109375
736,cat,7,7.936302185058594,25.0611572265625,151.227783203125,174.24143981933594
737,chair,8,43.16107177734375,22.586814880371094,192.79278564453125,219.99591064453125
738,car,6,20.62261962890625,4.549400329589844,223.88400268554688,215.20785522460938
739,cat,7,13.617759704589844,12.349754333496094,216.28842163085938,214.59896850585938
739,cat,7,17.092098236083984,-0.224761962890625,135.9755096435547,106.08087158203125
740,cat,7,0.6429901123046875,58.78715515136719,201.3235321044922,214.6149139404297
741,dog,11,7.106925964355469,39.63092041015625,208.92330932617188,194.08697509765625
742,train,18,0.39917755126953125,-3.4373779296875,161.57107543945312,152.3291778564453
742,person,14,158.72567749023438,43.46593475341797,194.37918090820312,122.12934112548828
742,person,14,33.997459411621094,17.352584838867188,118.67565155029297,91.36045837402344
743,dog,11,-4.0442352294921875,0.8188323974609375,166.02169799804688,205.92626953125
745,car,6,28.021453857421875,66.61715698242188,205.59756469726562,155.57843017578125
746,cow,9,7.467536926269531,12.327095031738281,157.12448120117188,202.697021484375
747,cat,7,20.99652099609375,7.881866455078125,214.1117706298828,150.08181762695312
748,motorbike,13,26.19842529296875,56.09036636352539,197.28932189941406,171.20741271972656
749,cow,9,97.41991424560547,55.18864822387695,207.32025146484375,164.76255798339844
750,diningtable,10,2.5377578735351562,20.169952392578125,220.47512817382812,210.8362579345703
751,dog,11,55.81150817871094,6.6923065185546875,182.24290466308594,213.615478515625
753,diningtable,10,15.704780578613281,119.64886474609375,138.36367797851562,224.42453002929688
753,person,14,8.788087844848633,77.00667572021484,48.19853210449219,161.67593383789062
753,chair,8,156.22784423828125,143.0588836669922,214.0120086669922,218.4093780517578
753,chair,8,12.73779296875,137.9349822998047,95.0772705078125,217.18850708007812
753,chair,8,46.92622375488281,110.18400573730469,111.68020629882812,188.47291564941406
754,dog,11,11.461044311523438,55.9609375,125.59278869628906,219.55044555664062
755,person,14,77.6739501953125,75.5818099975586,196.32638549804688,220.98953247070312
755,chair,8,28.97040557861328,16.779151916503906,197.7257080078125,211.79373168945312
755,person,14,10.194091796875,69.12333679199219,147.7042236328125,221.0004119873047
756,car,6,1.213134765625,11.444305419921875,210.14781188964844,218.177001953125
757,bird,2,67.12386322021484,48.374359130859375,172.69302368164062,165.95742797851562
757,bird,2,42.66337966918945,56.64328384399414,104.77732849121094,151.30332946777344
758,person,14,7.395263671875,11.767478942871094,223.57859802246094,222.52651977539062
759,bicycle,1,66.63812255859375,138.4591064453125,168.6456298828125,225.3614044189453
759,person,14,68.23133850097656,65.96509552001953,164.5613250732422,218.0140380859375
759,person,14,44.83918380737305,78.73854064941406,122.15003967285156,211.6371307373047
760,tvmonitor,19,0.4011249542236328,71.263916015625,53.33790588378906,176.78982543945312
760,tvmonitor,19,54.93844223022461,66.04531860351562,151.98934936523438,176.69216918945312
761,sofa,17,-7.021085739135742,144.7645263671875,28.849336624145508,230.15158081054688
761,sofa,17,101.2664794921875,128.81858825683594,197.30935668945312,217.94537353515625
762,car,6,4.74749755859375,23.837997436523438,219.6425323486328,225.97254943847656
763,person,14,94.97688293457031,99.03473663330078,191.71658325195312,199.57037353515625
763,person,14,30.681079864501953,29.74285888671875,131.67958068847656,142.45339965820312
763,person,14,31.18231964111328,39.546714782714844,186.89450073242188,181.63909912109375
764,bicycle,1,104.57794952392578,128.9107666015625,211.09445190429688,196.38211059570312
765,motorbike,13,24.817176818847656,10.135391235351562,186.2777099609375,217.99769592285156
766,cat,7,38.75105285644531,21.882675170898438,192.2779998779297,181.29513549804688
767,dog,11,13.337150573730469,13.626686096191406,204.46298217773438,151.16900634765625
767,dog,11,135.70196533203125,15.679115295410156,216.404296875,140.59100341796875
768,cat,7,138.24746704101562,3.2520675659179688,229.34593200683594,217.29751586914062
768,cat,7,12.506622314453125,7.8214874267578125,143.42428588867188,206.6394500732422
769,car,6,79.2555160522461,79.39330291748047,193.99703979492188,160.6363525390625
770,diningtable,10,9.141227722167969,42.16570281982422,223.74142456054688,228.02096557617188
770,person,14,-4.041841506958008,-5.50567626953125,40.41368865966797,100.51165771484375
771,person,14,4.176658630371094,40.06646728515625,159.00433349609375,226.99063110351562
771,person,14,136.67906188964844,32.14593505859375,228.87741088867188,231.3819580078125
772,car,6,25.21314239501953,45.228004455566406,189.17611694335938,173.70440673828125
773,dog,11,34.581809997558594,-3.0974807739257812,198.52182006835938,190.16610717773438
774,person,14,61.666786193847656,24.71485137939453,162.71530151367188,203.35546875
775,dog,11,16.1771240234375,-4.834747314453125,161.29751586914062,122.87039184570312
776,person,14,133.13980102539062,35.53086853027344,200.65390014648438,194.9745635986328
776,car,6,35.25444793701172,28.552154541015625,180.3441162109375,174.5375213623047
777,motorbike,13,37.39801788330078,95.8936767578125,176.43817138671875,202.77706909179688
777,person,14,62.575931549072266,55.60546112060547,156.5355987548828,168.4188232421875
778,aeroplane,0,40.51697540283203,64.2242431640625,199.47348022460938,116.2204818725586
779,chair,8,170.28701782226562,96.38739013671875,224.8717498779297,194.33944702148438
779,person,14,-1.602508544921875,79.58431243896484,76.38597869873047,214.72366333007812
780,bottle,4,81.4914321899414,6.986869812011719,143.66845703125,210.05361938476562
781,person,14,0.8540267944335938,-5.202644348144531,112.63397216796875,176.70138549804688
781,diningtable,10,5.656471252441406,141.12750244140625,218.37112426757812,221.0081787109375
781,person,14,145.62921142578125,23.83056640625,221.767333984375,194.29173278808594
782,dog,11,90.4950180053711,47.86365509033203,175.08981323242188,221.17303466796875
783,cat,7,35.68016052246094,110.79634094238281,105.38601684570312,178.93771362304688
784,aeroplane,0,60.71480941772461,90.1843032836914,125.47369384765625,156.40628051757812
785,car,6,13.851310729980469,5.587699890136719,213.32965087890625,215.0711669921875
786,cat,7,-1.017730712890625,0.26673126220703125,211.7644500732422,222.40716552734375
787,chair,8,127.24974060058594,73.52213287353516,215.20257568359375,210.58120727539062
787,chair,8,24.15334701538086,61.435707092285156,144.63916015625,207.05795288085938
788,chair,8,4.1730804443359375,10.907615661621094,213.90509033203125,223.030517578125
788,cat,7,93.56513214111328,6.212669372558594,205.21585083007812,136.46795654296875
789,dog,11,84.43437194824219,109.0772933959961,136.81790161132812,192.34121704101562
789,person,14,109.81585693359375,56.219444274902344,152.67230224609375,169.61685180664062
790,dog,11,98.16085052490234,32.868614196777344,210.49551391601562,203.18450927734375
791,cat,7,7.044105529785156,20.193389892578125,224.94839477539062,197.15371704101562
792,diningtable,10,7.990875244140625,130.37533569335938,169.51885986328125,228.2443084716797
792,chair,8,151.25241088867188,140.7388458251953,196.93496704101562,213.3885498046875
793,cat,7,16.47521209716797,7.992576599121094,222.69064331054688,225.81301879882812
794,person,14,123.09496307373047,21.309741973876953,188.87234497070312,124.1436767578125
795,person,14,24.928146362304688,50.790260314941406,194.3026885986328,218.79345703125
796,car,6,5.792030334472656,7.307151794433594,214.33169555664062,216.838134765625
797,bicycle,1,16.342857360839844,2.3610763549804688,211.93362426757812,208.00341796875
798,dog,11,61.15565872192383,12.177543640136719,171.24575805664062,218.32980346679688
799,horse,12,16.460418701171875,28.242462158203125,205.85411071777344,206.74139404296875
800,chair,8,129.52926635742188,127.8668441772461,219.5128173828125,220.29910278320312
800,chair,8,91.95037078857422,99.12683868408203,134.72998046875,193.10366821289062
800,chair,8,149.10113525390625,61.724220275878906,195.6376190185547,173.7021484375
801,cow,9,155.11183166503906,163.94483947753906,189.91184997558594,192.1129150390625
802,boat,3,9.878694534301758,33.770050048828125,69.6176528930664,179.58816528320312
802,boat,3,153.68499755859375,76.14811706542969,194.38406372070312,169.0596923828125
804,dog,11,18.955169677734375,15.935638427734375,208.899658203125,217.68307495117188
805,pottedplant,15,22.384838104248047,88.82474517822266,65.73008728027344,136.4765625
805,chair,8,151.17771911621094,127.00409698486328,207.0680389404297,217.69387817382812
805,chair,8,150.9897918701172,109.67868041992188,197.7080078125,180.2735595703125
806,sofa,17,23.173019409179688,145.82192993164062,130.55706787109375,221.98873901367188
806,pottedplant,15,131.3536376953125,42.15788269042969,205.2456512451172,171.6988983154297
806,person,14,31.852840423583984,44.510902404785156,135.30020141601562,177.44863891601562
807,train,18,-0.330047607421875,59.21685028076172,218.43443298339844,171.62429809570312
808,cat,7,10.137176513671875,62.122276306152344,147.26531982421875,199.51669311523438
808,person,14,13.838272094726562,18.334091186523438,206.0967254638672,206.8837890625
809,person,14,126.41554260253906,56.62147903442383,207.0003662109375,174.79493713378906
809,person,14,35.185638427734375,68.28009796142578,122.39387512207031,172.44775390625
809,diningtable,10,10.688362121582031,169.19631958007812,214.87005615234375,226.80003356933594
810,dog,11,3.3486328125,45.06822967529297,201.97718811035156,171.75790405273438
810,person,14,136.15040588378906,41.12273406982422,206.1534881591797,187.93768310546875
811,cat,7,3.8823623657226562,14.051170349121094,155.68173217773438,221.100341796875
812,person,14,42.8900146484375,89.73966979980469,182.0153045654297,175.3621063232422
813,cat,7,76.34925842285156,50.38184356689453,162.29635620117188,213.47262573242188
813,person,14,124.3597412109375,-4.0184173583984375,233.64010620117188,213.47390747070312
813,person,14,73.11649322509766,9.352317810058594,208.24722290039062,219.37396240234375
814,person,14,5.071510314941406,13.245834350585938,220.94073486328125,220.3055877685547
814,dog,11,4.610187530517578,18.552322387695312,107.99139404296875,220.1173553466797
814,cat,7,80.58045959472656,29.362693786621094,211.41893005371094,192.08270263671875
816,car,6,0.9058837890625,72.22810363769531,138.76365661621094,191.65902709960938
817,bottle,4,14.855331420898438,-1.1991729736328125,167.49176025390625,220.1077880859375
818,aeroplane,0,48.0744514465332,71.42761993408203,165.39927673339844,145.62384033203125
819,person,14,11.359012603759766,-0.8552398681640625,138.3964080810547,210.21868896484375
819,bottle,4,128.4351806640625,11.346824645996094,203.76695251464844,210.44674682617188
820,motorbike,13,-0.5684051513671875,0.681488037109375,216.36456298828125,220.28070068359375
822,bus,5,17.317047119140625,8.157745361328125,217.2336883544922,216.31185913085938
823,person,14,46.799110412597656,76.98107147216797,113.18511199951172,227.23687744140625
823,person,14,83.43887329101562,76.96272277832031,143.06080627441406,216.12171936035156
823,pottedplant,15,0.3444795608520508,151.29592895507812,31.449264526367188,221.23309326171875
824,person,14,88.05569458007812,115.30996704101562,182.30453491210938,234.99945068359375
824,person,14,7.2088165283203125,69.71372985839844,79.38761901855469,231.3621368408203
824,person,14,144.15870666503906,59.07627868652344,212.12179565429688,221.4863739013672
824,person,14,114.70726776123047,68.0802230834961,168.82861328125,216.592041015625
824,person,14,178.49166870117188,60.674476623535156,226.32044982910156,221.50717163085938
824,person,14,62.08635711669922,44.621246337890625,107.48190307617188,177.3436737060547
824,person,14,123.51466369628906,51.31694412231445,151.65504455566406,102.90260314941406
824,person,14,84.06973266601562,79.09725952148438,133.83218383789062,207.85458374023438
824,person,14,125.86958312988281,70.53852844238281,159.787109375,157.33319091796875
825,bird,2,71.03952026367188,44.553077697753906,145.5615234375,194.54690551757812
826,person,14,51.34351348876953,46.461631774902344,175.64788818359375,220.26123046875
826,chair,8,-5.566503524780273,130.1852264404297,51.698875427246094,228.855224609375
826,chair,8,9.736801147460938,137.5572509765625,66.79940795898438,217.51124572753906
827,cat,7,44.65754699707031,7.796844482421875,225.6166229248047,224.67044067382812
828,aeroplane,0,58.094390869140625,110.83692932128906,156.6031036376953,170.1997528076172
829,cat,7,17.79412078857422,37.511634826660156,205.5616455078125,201.25717163085938
830,horse,12,90.79678344726562,120.97455596923828,136.46151733398438,157.216796875
831,aeroplane,0,13.446807861328125,90.05986022949219,209.08551025390625,154.36468505859375
832,sofa,17,120.5835189819336,151.0742950439453,217.0350341796875,218.74563598632812
833,dog,11,20.563304901123047,55.59893798828125,130.26348876953125,220.9140625
833,dog,11,79.2099609375,40.97133255004883,159.8973388671875,162.68663024902344
834,dog,11,62.434104919433594,69.14344024658203,175.1534423828125,160.256103515625
834,dog,11,77.78886413574219,83.384033203125,160.23434448242188,144.39739990234375
835,cat,7,56.859439849853516,20.54132843017578,175.84219360351562,215.77056884765625
836,chair,8,43.28015899658203,111.90487670898438,117.91849517822266,183.14874267578125
836,chair,8,141.52337646484375,105.89643859863281,193.5450439453125,181.39556884765625
836,chair,8,123.99781036376953,117.89139556884766,171.33250427246094,180.496826171875
836,chair,8,72.10186004638672,117.55299377441406,143.006591796875,182.67523193359375
837,sheep,16,83.3341064453125,83.75558471679688,149.71334838867188,164.85357666015625
837,sheep,16,107.90188598632812,76.84039306640625,166.16513061523438,162.74932861328125
837,sheep,16,55.11302947998047,82.08668518066406,104.47737121582031,159.1754150390625
838,car,6,45.285335540771484,15.352519989013672,117.28848266601562,57.85194778442383
839,person,14,6.9291534423828125,14.449729919433594,225.64833068847656,223.245849609375
840,dog,11,9.611419677734375,30.5052490234375,197.6370086669922,205.56222534179688
841,cow,9,74.069580078125,65.11296081542969,204.04742431640625,216.4282684326172
842,dog,11,72.92314910888672,64.05706787109375,151.83224487304688,222.27392578125
843,person,14,13.85687255859375,58.954856872558594,123.96580505371094,214.36166381835938
843,train,18,148.15869140625,50.90288543701172,222.01597595214844,130.57122802734375
844,person,14,55.246864318847656,68.32308959960938,89.76751708984375,140.2467041015625
844,motorbike,13,79.92207336425781,72.29462432861328,132.2444610595703,149.77755737304688
845,aeroplane,0,57.24774932861328,137.17013549804688,216.14181518554688,215.498291015625
846,chair,8,123.53550720214844,54.443687438964844,225.98638916015625,217.31747436523438
846,person,14,71.45060729980469,29.232467651367188,145.63233947753906,201.38087463378906
847,cow,9,101.8466796875,119.85881042480469,137.7716064453125,146.84983825683594
847,cow,9,53.609222412109375,117.489501953125,88.77096557617188,148.38232421875
848,person,14,81.73802185058594,80.68711853027344,130.7366485595703,161.48081970214844
848,chair,8,6.0800933837890625,80.5606689453125,44.939876556396484,164.04733276367188
849,dog,11,145.40943908691406,97.96304321289062,222.03048706054688,216.1964111328125
850,person,14,76.79937744140625,145.13177490234375,139.84437561035156,215.3746795654297
850,person,14,141.26150512695312,136.78286743164062,194.50950622558594,214.43829345703125
850,person,14,56.28913879394531,138.8368377685547,113.78309631347656,217.20806884765625
850,person,14,3.651275634765625,139.64202880859375,41.43183135986328,224.523193359375
851,cat,7,11.987724304199219,21.32453155517578,210.1270751953125,208.69305419921875
852,car,6,3.7137603759765625,7.311676025390625,219.0357208251953,217.61770629882812
854,bottle,4,83.09480285644531,42.1943359375,124.21684265136719,186.94349670410156
855,aeroplane,0,42.84806823730469,55.25682830810547,102.74307250976562,89.87157440185547
856,cat,7,31.966651916503906,36.524757385253906,200.43951416015625,184.82073974609375
856,cat,7,8.367813110351562,105.94584655761719,137.7847900390625,233.52430725097656
858,motorbike,13,14.557456970214844,11.712318420410156,204.3779296875,217.409423828125
859,bicycle,1,31.870513916015625,19.183006286621094,169.02293395996094,160.39144897460938
860,motorbike,13,3.1220932006835938,7.598976135253906,220.60256958007812,225.48776245117188
861,car,6,3.701904296875,7.052299499511719,219.67056274414062,210.50387573242188
862,aeroplane,0,-2.4434432983398438,59.99518966674805,211.940673828125,161.1453399658203
863,dog,11,5.754425048828125,1.4329833984375,223.72621154785156,214.10638427734375
864,person,14,26.42675018310547,16.615219116210938,213.70394897460938,226.22972106933594
864,person,14,37.255226135253906,71.56331634521484,111.24552154541016,224.32998657226562
865,cat,7,92.74964904785156,75.13912200927734,140.88259887695312,188.49725341796875
866,cow,9,56.753780364990234,74.46145629882812,142.0108642578125,140.606689453125
867,dog,11,3.7100753784179688,36.93037414550781,196.79803466796875,223.41404724121094
868,person,14,53.05644989013672,55.92700958251953,154.38519287109375,224.33956909179688
868,tvmonitor,19,18.95928192138672,34.260257720947266,89.77587127685547,134.12286376953125
869,motorbike,13,39.11714172363281,66.90380096435547,201.70277404785156,213.7418212890625
871,sofa,17,141.56103515625,52.337345123291016,208.62625122070312,158.2062530517578
871,chair,8,13.819087982177734,123.76649475097656,92.15190124511719,226.805419921875
872,dog,11,37.506187438964844,1.6044082641601562,226.41696166992188,220.99212646484375
873,bird,2,-2.409942626953125,124.69156646728516,182.1703338623047,228.935302734375
874,person,14,5.110130310058594,35.90631103515625,217.43304443359375,227.98806762695312
874,person,14,145.47329711914062,134.1979522705078,219.795654296875,215.19117736816406
875,cat,7,79.85208129882812,131.1147003173828,157.3270263671875,206.38389587402344
875,dog,11,27.542821884155273,127.73982238769531,73.40254974365234,181.46563720703125
877,dog,11,37.571380615234375,0.335113525390625,224.05209350585938,221.98788452148438
878,aeroplane,0,56.55620193481445,90.39805603027344,156.16590881347656,148.87852478027344
879,bicycle,1,4.306404113769531,2.2283935546875,219.68838500976562,202.3951873779297
880,sofa,17,31.883445739746094,79.73094177246094,151.97579956054688,159.80072021484375
881,dog,11,12.077537536621094,44.51605224609375,205.13653564453125,222.24362182617188
882,cat,7,2.9096221923828125,26.911460876464844,209.9359130859375,197.33822631835938
883,person,14,67.94620513916016,8.5650634765625,218.65414428710938,224.8147430419922
883,cat,7,14.331123352050781,42.410675048828125,98.61409759521484,206.22772216796875
884,aeroplane,0,71.88807678222656,65.62687683105469,206.17005920410156,181.63140869140625
885,bird,2,16.172889709472656,12.371482849121094,181.9677734375,219.9970703125
886,sofa,17,28.710594177246094,38.43109130859375,183.874267578125,172.74342346191406
886,dog,11,143.92599487304688,113.47514343261719,227.77149963378906,219.98773193359375
887,bird,2,64.51667785644531,108.12225341796875,97.13369750976562,162.13021850585938
888,person,14,75.57015228271484,81.44397735595703,134.6974639892578,213.65716552734375
888,person,14,175.00392150878906,84.5470199584961,228.44415283203125,186.39736938476562
888,person,14,151.93638610839844,69.34866333007812,210.8898468017578,161.26364135742188
888,person,14,186.27456665039062,66.02397155761719,222.4052734375,167.54803466796875
889,person,14,11.593639373779297,72.72154235839844,98.96055603027344,216.0347442626953
889,diningtable,10,58.64434814453125,122.26510620117188,215.32620239257812,215.472900390625
889,person,14,33.30588912963867,54.28631591796875,130.53086853027344,178.34695434570312
889,person,14,63.75420379638672,61.99141311645508,160.18093872070312,173.26292419433594
889,sofa,17,27.85309600830078,78.89889526367188,196.66375732421875,202.295166015625
889,person,14,102.71730041503906,61.88446807861328,178.1351318359375,172.42236328125
890,car,6,59.98842239379883,48.351654052734375,182.83029174804688,192.296630859375
890,person,14,10.880252838134766,91.52037048339844,44.36729431152344,203.86434936523438
891,tvmonitor,19,46.758663177490234,35.35268783569336,102.22636413574219,102.44593811035156
891,person,14,100.84883117675781,86.97972106933594,172.63218688964844,218.3661651611328
891,tvmonitor,19,23.038166046142578,36.032405853271484,90.20285034179688,124.10365295410156
893,train,18,27.302993774414062,74.90901184082031,109.59141540527344,151.3798370361328
894,diningtable,10,69.5394058227539,124.41252136230469,175.82650756835938,222.00747680664062
894,person,14,128.30084228515625,56.042747497558594,156.49774169921875,118.30149841308594
894,person,14,155.7018280029297,66.74874877929688,193.9490203857422,156.1376953125
894,person,14,12.160449981689453,69.37074279785156,36.963775634765625,148.28741455078125
895,bird,2,58.08256530761719,9.906883239746094,213.0062713623047,222.87557983398438
896,dog,11,57.468048095703125,50.576881408691406,215.37384033203125,217.7828369140625
897,bus,5,16.01232147216797,12.391914367675781,187.84439086914062,204.45062255859375
897,bus,5,1.4266700744628906,59.39896774291992,49.74690246582031,154.4617919921875
898,tvmonitor,19,141.11004638671875,13.1490478515625,215.82260131835938,128.79281616210938
899,dog,11,17.820594787597656,1.0958023071289062,222.15383911132812,222.46783447265625
900,person,14,65.38056945800781,91.48141479492188,102.53752136230469,197.31393432617188
900,person,14,90.35554504394531,75.09596252441406,135.38442993164062,169.47177124023438
900,person,14,153.92987060546875,104.6031265258789,200.7169952392578,182.01434326171875
900,person,14,126.47445678710938,84.0962905883789,152.88232421875,158.53558349609375
901,motorbike,13,21.84754180908203,8.860343933105469,216.34686279296875,220.228759765625
902,tvmonitor,19,61.543487548828125,58.10314178466797,120.33673095703125,127.02469635009766
903,chair,8,132.3335418701172,118.11587524414062,194.1726837158203,209.71145629882812
903,tvmonitor,19,100.22313690185547,92.94933319091797,125.3245620727539,127.67178344726562
903,chair,8,24.39960479736328,134.18765258789062,90.27489471435547,208.95379638671875
904,tvmonitor,19,87.06794738769531,4.498058319091797,153.87515258789062,108.34786987304688
904,person,14,148.89239501953125,54.18089294433594,217.45877075195312,216.59288024902344
904,person,14,0.2739524841308594,17.384429931640625,81.03176879882812,190.15447998046875
905,person,14,50.742095947265625,41.694679260253906,161.52175903320312,225.69659423828125
906,horse,12,15.013648986816406,5.449920654296875,233.89251708984375,223.862060546875
907,sofa,17,8.098907470703125,18.152969360351562,208.93736267089844,218.33143615722656
907,cat,7,38.10056686401367,75.67871856689453,135.97689819335938,195.96975708007812
908,dog,11,46.46648406982422,37.57732391357422,162.2138671875,196.97201538085938
909,bus,5,34.60032653808594,29.241165161132812,205.8412322998047,199.5689697265625
909,bus,5,83.65457153320312,43.241485595703125,183.50048828125,183.54702758789062
910,person,14,140.05609130859375,56.67100524902344,230.2674560546875,217.4047088623047
910,person,14,4.0500335693359375,62.576622009277344,76.20541381835938,214.64309692382812
910,person,14,103.34414672851562,86.11089324951172,170.68350219726562,220.53445434570312
910,person,14,56.717857360839844,102.45481872558594,180.77911376953125,227.187744140625
912,motorbike,13,32.08959197998047,80.84662628173828,197.516357421875,205.26870727539062
912,person,14,70.44441223144531,17.078819274902344,162.68716430664062,156.04458618164062
913,person,14,-5.096519470214844,48.663658142089844,103.41633605957031,227.25711059570312
913,person,14,13.330345153808594,57.25975036621094,205.40194702148438,220.3314971923828
913,person,14,19.403181076049805,69.19107055664062,78.3613052368164,209.77044677734375
913,person,14,131.36279296875,76.55156707763672,213.34548950195312,218.35366821289062
914,cow,9,22.187591552734375,17.820510864257812,157.4682159423828,218.8641357421875
914,cow,9,137.05203247070312,36.108154296875,204.0469970703125,204.09666442871094
915,train,18,13.141487121582031,64.67245483398438,209.56954956054688,137.71298217773438
916,motorbike,13,45.9268684387207,19.953033447265625,173.62693786621094,215.5913848876953
917,tvmonitor,19,4.626163482666016,6.157447814941406,72.73190307617188,74.65393829345703
918,chair,8,36.65452575683594,33.88787078857422,185.3820343017578,193.28128051757812
918,chair,8,-6.528423309326172,68.5965805053711,83.06413269042969,223.27651977539062
918,chair,8,88.52615356445312,79.84902954101562,185.13214111328125,208.9134521484375
919,bottle,4,11.316085815429688,4.443458557128906,218.0347137451172,221.11871337890625
920,bird,2,142.1353302001953,118.5545654296875,220.24252319335938,216.7021484375
920,bird,2,117.09257507324219,77.9255599975586,157.12408447265625,136.45315551757812
921,person,14,129.89593505859375,86.61677551269531,205.0127716064453,208.75271606445312
921,sheep,16,6.949989318847656,128.62355041503906,44.61699295043945,180.01023864746094
922,chair,8,10.706718444824219,9.157730102539062,205.7694091796875,223.0267333984375
923,person,14,148.4756317138672,112.6133804321289,211.84498596191406,221.32550048828125
923,tvmonitor,19,89.76596069335938,68.98114013671875,156.83233642578125,164.2774658203125
923,person,14,18.02800178527832,40.508262634277344,80.53195190429688,188.47994995117188
923,tvmonitor,19,101.5721435546875,81.45857238769531,143.30812072753906,149.77438354492188
924,person,14,13.364120483398438,50.732078552246094,89.24577331542969,222.3853759765625
924,tvmonitor,19,138.46595764160156,4.966114044189453,210.80372619628906,98.80537414550781
925,car,6,12.599945068359375,57.335845947265625,222.63172912597656,217.92694091796875
926,tvmonitor,19,45.066139221191406,4.991058349609375,130.30032348632812,131.84970092773438
927,chair,8,127.18436431884766,75.11808013916016,209.26956176757812,196.61883544921875
927,sofa,17,-4.8526153564453125,106.94071197509766,85.38687133789062,224.06854248046875
927,chair,8,146.03179931640625,72.83641052246094,198.31680297851562,167.48126220703125
928,dog,11,19.09136962890625,12.677619934082031,196.9014434814453,198.59371948242188
929,person,14,6.661140441894531,8.506782531738281,223.96804809570312,226.8212890625
930,car,6,33.80633544921875,78.26286315917969,199.81756591796875,181.59791564941406
932,bus,5,14.637557983398438,71.69622802734375,201.65223693847656,171.84178161621094
933,car,6,50.823822021484375,40.04002380371094,190.03848266601562,198.85557556152344
933,car,6,154.48934936523438,54.14543151855469,203.58316040039062,104.45877075195312
933,car,6,177.97557067871094,51.43553161621094,224.1399383544922,116.86613464355469
934,bus,5,21.957679748535156,27.875411987304688,202.80453491210938,178.82586669921875
936,chair,8,148.24923706054688,62.10750961303711,212.54483032226562,171.69171142578125
936,chair,8,17.37188720703125,84.5773696899414,130.260986328125,217.28573608398438
936,chair,8,175.4535675048828,72.45268249511719,221.82745361328125,160.587646484375
936,chair,8,29.820892333984375,105.70283508300781,120.49153137207031,186.28829956054688
936,chair,8,119.21342468261719,74.81474304199219,170.4550323486328,144.9683074951172
937,sheep,16,3.3669509887695312,8.58380126953125,223.80593872070312,219.75770568847656
938,aeroplane,0,8.451553344726562,76.38009643554688,222.93702697753906,143.95631408691406
939,train,18,1.8363494873046875,79.03486633300781,210.93983459472656,197.6682586669922
940,sofa,17,13.130378723144531,23.33135986328125,193.3111572265625,183.77748107910156
941,cow,9,28.395370483398438,89.57101440429688,137.15921020507812,183.00332641601562
942,bird,2,132.49664306640625,123.3052978515625,169.5753173828125,165.26129150390625
942,bird,2,27.716955184936523,123.7629165649414,72.44395446777344,165.42254638671875
943,bird,2,43.45427703857422,129.47052001953125,179.09841918945312,207.919921875
943,bird,2,87.14888000488281,47.263031005859375,195.86807250976562,165.87380981445312
943,bird,2,64.56330871582031,148.75315856933594,161.965576171875,189.2675018310547
945,sofa,17,0.01451873779296875,12.199363708496094,218.48941040039062,211.29537963867188
945,dog,11,46.56004333496094,110.58786010742188,217.31922912597656,222.04263305664062
946,chair,8,49.39728546142578,12.609878540039062,162.65817260742188,203.1008758544922
948,aeroplane,0,119.03662109375,88.75932312011719,148.7059326171875,114.52650451660156
948,aeroplane,0,105.0472640991211,96.11600494384766,137.08912658691406,117.75272369384766
948,aeroplane,0,59.247779846191406,106.2522201538086,84.61738586425781,133.3258056640625
950,person,14,1.2309455871582031,21.607391357421875,83.80973815917969,207.5775146484375
950,person,14,51.61347579956055,60.071144104003906,123.75444030761719,213.89364624023438
950,diningtable,10,87.63406372070312,143.65606689453125,211.52297973632812,227.7999267578125
950,person,14,127.039794921875,77.99403381347656,184.79605102539062,188.68597412109375
950,person,14,181.62063598632812,44.18284606933594,228.54037475585938,181.26210021972656
950,person,14,85.10671997070312,80.65730285644531,117.12942504882812,194.96119689941406
951,bus,5,89.32839965820312,13.978813171386719,211.01541137695312,155.03195190429688
952,person,14,44.903831481933594,55.539649963378906,124.7703628540039,216.82025146484375
952,person,14,111.98745727539062,30.77820587158203,189.99624633789062,211.52581787109375
953,pottedplant,15,28.852794647216797,24.704879760742188,154.01683044433594,204.16543579101562
953,pottedplant,15,70.81758117675781,79.73701477050781,144.4207305908203,192.03839111328125
954,sofa,17,1.4362335205078125,8.838493347167969,223.06280517578125,226.89300537109375
954,person,14,10.812126159667969,48.62812042236328,146.78872680664062,222.23779296875
955,cow,9,125.4578857421875,108.69905090332031,216.50189208984375,193.0780792236328
956,bird,2,17.050682067871094,14.806365966796875,214.00869750976562,215.44204711914062
957,chair,8,67.13247680664062,63.561439514160156,108.27792358398438,142.4593505859375
957,chair,8,0.9061298370361328,83.75498962402344,38.316734313964844,183.13006591796875
958,person,14,60.410369873046875,91.43275451660156,103.6593017578125,183.23472595214844
958,person,14,123.8056640625,117.93848419189453,158.67227172851562,174.53070068359375
958,person,14,3.3545260429382324,107.89962768554688,16.09818458557129,156.26931762695312
958,person,14,90.67688751220703,99.74929809570312,138.67034912109375,180.57681274414062
959,cat,7,123.24353790283203,56.07720947265625,208.92303466796875,158.5965576171875
959,person,14,0.5165481567382812,12.91070556640625,99.3937759399414,205.51246643066406
959,cat,7,76.97114562988281,101.35258483886719,142.14051818847656,192.71746826171875
960,aeroplane,0,80.63868713378906,73.3436279296875,138.95098876953125,131.83493041992188
961,cat,7,15.336181640625,73.17124938964844,220.03939819335938,224.1444854736328
962,cow,9,22.211585998535156,33.263389587402344,199.84210205078125,210.95401000976562
963,sofa,17,7.074626922607422,131.98968505859375,105.5408935546875,207.431640625
964,car,6,16.203582763671875,39.67705535888672,217.80145263671875,221.222900390625
965,bus,5,23.008338928222656,28.81390380859375,203.58230590820312,203.34918212890625
965,person,14,152.20999145507812,96.13336181640625,205.2362823486328,205.12274169921875
965,person,14,4.241630554199219,73.30764770507812,37.76310348510742,133.13784790039062
965,person,14,17.14215850830078,73.69188690185547,137.58029174804688,213.02944946289062
966,aeroplane,0,50.04780578613281,39.38080596923828,177.11380004882812,184.21563720703125
967,bus,5,39.739402770996094,11.3621826171875,177.24765014648438,197.17202758789062
967,bus,5,7.027860641479492,77.77651977539062,47.01837921142578,169.48672485351562
968,person,14,80.23123168945312,64.01202392578125,214.1181640625,231.067138671875
968,person,14,0.739959716796875,58.46028137207031,154.41946411132812,224.9755401611328
969,bird,2,7.2343597412109375,1.9284591674804688,213.02761840820312,221.0682373046875
970,person,14,13.766517639160156,54.94528579711914,75.4112777709961,176.21218872070312
970,person,14,52.91242218017578,58.02089309692383,111.62493896484375,172.38064575195312
970,tvmonitor,19,138.9594268798828,49.955223083496094,189.7288360595703,108.67584228515625
970,chair,8,7.469236373901367,93.05352783203125,42.90776062011719,187.83721923828125
970,tvmonitor,19,136.9013671875,64.63276672363281,174.09625244140625,108.31092834472656
971,sofa,17,11.756172180175781,25.99787139892578,201.47891235351562,202.2991943359375
971,dog,11,2.5524330139160156,34.540374755859375,85.56791687011719,197.04930114746094
971,cat,7,111.7293701171875,77.22665405273438,186.84854125976562,155.26905822753906
971,person,14,38.08692169189453,13.52737808227539,177.355224609375,140.8746337890625
972,train,18,4.6635284423828125,72.18104553222656,204.96827697753906,211.54832458496094
973,chair,8,6.792278289794922,27.55109405517578,72.60260009765625,191.76513671875
973,person,14,150.87246704101562,36.80006408691406,209.79129028320312,193.8451690673828
973,diningtable,10,43.53716278076172,78.11376190185547,173.71963500976562,210.15969848632812
973,chair,8,2.812347412109375,108.90702819824219,92.98197937011719,220.96444702148438
973,chair,8,15.978202819824219,97.97962951660156,60.95930480957031,195.23361206054688
974,train,18,5.5411834716796875,5.5900115966796875,227.50230407714844,224.82960510253906
975,dog,11,5.3342437744140625,3.5561904907226562,206.67799377441406,220.339111328125
976,person,14,103.480712890625,58.22772216796875,192.30462646484375,218.25076293945312
976,person,14,6.430324554443359,50.10578918457031,111.71022033691406,226.1345977783203
977,person,14,9.012585639953613,128.3759765625,22.74797821044922,210.7799072265625
977,bus,5,23.10076141357422,64.68431091308594,214.45614624023438,180.93223571777344
978,horse,12,51.64400100708008,116.04338836669922,120.21665954589844,178.2145538330078
978,train,18,145.61807250976562,76.37992095947266,213.4866943359375,154.1607666015625
978,person,14,83.06868743896484,110.54400634765625,125.73275756835938,174.29986572265625
979,person,14,-2.8597793579101562,6.3596343994140625,185.9859619140625,215.1022186279297
980,motorbike,13,97.84458923339844,111.39207458496094,131.97518920898438,178.2761993408203
981,dog,11,50.05295181274414,24.211318969726562,153.33860778808594,212.4378204345703
982,bird,2,127.46593475341797,89.93620300292969,172.79901123046875,182.47023010253906
982,bird,2,13.526222229003906,49.013587951660156,83.56450653076172,175.6964111328125
983,motorbike,13,11.414619445800781,118.94097900390625,156.46246337890625,226.60821533203125
983,person,14,40.14550018310547,53.35101318359375,116.45413970947266,179.49197387695312
984,train,18,44.294456481933594,46.61857986450195,173.1156005859375,119.35978698730469
985,bird,2,67.42201232910156,45.18171691894531,153.18185424804688,192.73526000976562
985,bird,2,88.55316925048828,51.12328338623047,133.64996337890625,182.47836303710938
986,sofa,17,119.08063507080078,66.94730377197266,220.21572875976562,221.212890625
986,sofa,17,27.607620239257812,68.01997375488281,117.73985290527344,165.56396484375
987,diningtable,10,0.14366912841796875,108.1513442993164,168.16220092773438,228.9722900390625
987,chair,8,153.27659606933594,99.39517211914062,200.20884704589844,188.79226684570312
987,chair,8,9.46731185913086,128.73011779785156,99.68577575683594,212.8625946044922
988,cow,9,132.8818359375,106.48480987548828,148.183837890625,118.39275360107422
989,cat,7,11.53778076171875,24.281272888183594,208.3092041015625,201.49740600585938
990,bird,2,93.16545104980469,94.89864349365234,136.44403076171875,143.5904083251953
991,motorbike,13,83.36746215820312,122.05752563476562,148.55184936523438,185.04080200195312
992,boat,3,24.1097412109375,15.55194091796875,182.52920532226562,201.42201232910156
993,train,18,41.15705871582031,108.67752838134766,197.0036163330078,201.29864501953125
994,bus,5,32.24827575683594,41.11531066894531,187.2736053466797,172.6928253173828
995,person,14,166.8082733154297,75.56413269042969,233.05906677246094,204.4506072998047
995,aeroplane,0,29.431121826171875,7.528591156005859,142.36495971679688,91.09811401367188
996,aeroplane,0,19.64678955078125,68.59310913085938,186.147216796875,145.1016082763672
997,sheep,16,-5.731243133544922,41.163848876953125,92.72262573242188,184.66476440429688
997,sheep,16,105.8922119140625,38.02802276611328,230.54266357421875,196.70327758789062
997,sheep,16,78.9713363647461,16.71855926513672,208.0870361328125,134.1995849609375
998,bus,5,112.11808776855469,59.698211669921875,195.84767150878906,173.4937286376953
998,bus,5,4.897792816162109,49.450279235839844,96.44387817382812,170.58566284179688
999,pottedplant,15,38.96684265136719,41.677894592285156,190.6599578857422,182.45327758789062
